JadziaLex,2018-11-02 18:16:46
Depressed-Londoner,2018-01-10 14:33:06
BexyWinchester176,2018-02-13 18:40:00
michywiz,2018-07-10 04:14:16
Eeaatt,2018-11-02 16:40:10
Dr_who_fan94,2018-08-17 17:11:29
graciesugarbee,2018-09-05 23:38:22
ProseBeforeHoes1,2018-05-14 01:34:26
Act_ophony,2018-10-31 13:44:35
powwowparty,2018-01-23 03:26:53
Keyra13,2018-01-06 07:10:18
whydoidothis-718,2018-10-24 18:42:51
QueenOfTheQuokkas,2018-10-20 06:04:33
megggie,2018-07-24 00:39:50
needathrowawaynowok,2018-10-28 21:38:02
OutOfMyMind4ever,2018-03-16 02:50:47
relaxing_white_noise,2018-10-27 04:50:22
YoureABoneMachine,2018-09-14 12:39:51
krisj93,2018-04-04 14:15:52
intellegere,2018-07-18 00:03:43
kaitlynmabel_,2018-09-27 02:22:49
jessica_dougherty,2018-02-03 03:59:34
mepinkiepie,2018-06-12 17:02:46
K1tten_Mitt3ns,2018-09-22 04:25:00
Son9OrSuicide,2018-03-28 05:21:20
shearu,2018-05-29 03:49:49
MrsMcCoin,2018-10-15 13:24:24
RevolvinOcelot,2018-11-02 00:52:28
StrongbutShaky,2018-11-02 00:50:18
chachacha54512,2018-08-04 22:33:05
savethetriffids,2018-10-18 17:55:20
miscellaneousmakeup,2018-10-02 11:32:08
Bot_Metric,2018-05-15 01:37:39
sunbeam420,2018-07-24 16:05:49
AG8191,2018-08-22 05:56:16
3141592653yum,2018-03-13 21:39:39
vaseydaisy,2018-11-01 20:27:35
Helyces,2018-02-24 02:45:27
thatartteacherlady,2018-09-19 14:54:24
Amore17,2018-03-01 20:58:04
kalleyboballey,2018-11-01 20:17:58
WickedLies21,2018-01-07 10:56:52
ringo24601,2018-01-12 00:11:18
My168,2018-10-15 22:18:59
blankethordes,2018-10-11 20:11:06
gabrielleohw,2018-08-15 18:54:40
Leigh_Carey,2018-10-31 20:42:00
mernepta,2018-03-12 12:06:55
InorganicJuggernaut,2018-11-01 17:41:55
Saparyati,2018-01-06 01:55:38
onekrazykat,2018-02-14 20:55:03
SilentKrisis,2018-08-10 16:01:55
drainedcherry,2018-10-20 06:48:37
KoukenSC,2018-02-13 00:28:20
AMoonboots,2018-10-26 18:20:29
whammbamthankyouman,2018-01-26 09:16:11
MeetDeathTonight,2018-07-29 15:25:09
zambouca,2018-11-01 05:52:00
oldcatfish,2018-11-01 05:10:11
kxtewxtson,2018-06-19 12:55:06
mikakikamagika,2018-02-07 01:33:51
captain_picklepaws,2018-10-19 18:31:08
heyheyheymybrain,2018-09-18 23:49:01
aurora82199,2018-10-27 21:48:13
windlikethunder,2018-01-17 03:19:01
DiscoDiva79,2018-06-27 09:53:12
baguettepasta,2018-08-14 21:06:32
Bubbline,2018-03-28 04:12:46
thomyorkesforke,2018-04-18 16:49:48
kiilluas,2018-10-30 16:50:13
p1nk_p4nth3r,2018-08-07 18:40:31
MissL7,2018-03-05 17:44:49
Lindthom,2018-01-10 15:38:21
NervyFox,2018-10-30 23:22:09
shmookieguinz,2018-01-12 00:17:38
lexijoy,2018-01-10 07:07:32
IndigoPisces,2018-01-24 19:05:13
lavagirl14,2018-05-18 05:50:57
beigs,2018-06-24 04:46:13
tovira,2018-10-31 04:22:59
idtapthatpinata,2018-06-15 20:54:15
soapenthusaist,2018-10-12 06:22:23
Atiram7496,2018-10-19 04:14:05
titaniumfaggot,2018-10-30 23:59:54
Photomint,2018-09-20 09:56:55
anhuys,2018-03-13 04:42:45
BearMimi,2018-10-26 15:45:28
ConfusedGuildie,2018-10-29 05:34:47
droverdog,2018-05-27 18:45:29
ramonasinger,2018-10-30 07:37:36
red_sky_at_morning,2018-03-18 02:39:41
doggodutchess,2018-01-04 03:36:43
amnes1ac,2018-01-12 08:44:17
KlassyJ,2018-02-10 20:12:46
Nerftd_kobain,2018-09-30 17:20:37
madelion1,2018-04-18 05:57:00
gingerale4ever,2018-07-21 04:10:08
jstacey74,2018-04-07 16:04:33
spunkymonk3y,2018-01-04 17:21:45
miiao22,2018-02-23 03:43:43
BooCMB,2018-10-23 21:18:24
CommonMisspellingBot,2018-04-19 14:09:23
EspaceMorte,2018-01-26 23:42:35
MiniDeflector,2018-05-10 23:34:03
forest_cat_mum,2018-05-29 19:53:42
panicmanic02,2018-10-30 15:22:21
mariessecret,2018-04-23 15:44:11
orangexmelon,2018-10-30 12:18:16
GandalfTheGrey1991,2018-10-26 07:47:54
verbsandruins,2018-10-30 03:19:48
FinnieGwin,2018-09-09 16:10:28
DarthWindows,2018-10-26 16:25:50
satijade,2018-01-20 00:26:45
scarysara,2018-10-11 01:49:29
timidtriffid,2018-07-20 20:02:59
by_my_troth,2018-10-29 22:50:15
antichristdepressant,2018-10-29 22:54:44
DivineExodus,2018-10-29 18:22:12
C_E_E,2018-10-29 20:46:22
bathtubbs,2018-08-23 06:09:01
pe8ches,2018-08-01 06:15:40
Saintly2,2018-07-18 21:45:12
onionpants,2018-10-01 20:46:00
sydney_bristo17,2018-10-28 14:30:50
unicornvega,2018-02-25 23:15:47
loz_cat,2018-10-29 17:18:56
mermaiddayjob,2018-04-14 19:05:17
lividlips,2018-10-29 17:21:27
chelsha1,2018-07-24 22:16:49
sonjathegreat,2018-06-01 00:35:08
aor9487,2018-10-29 14:37:29
Throwawaytogeaux,2018-10-08 00:32:48
Pineapple-Sundae,2018-01-08 12:45:08
Rotsinul,2018-08-13 17:04:27
FajitaBonita,2018-01-23 13:04:23
lagle94,2018-09-07 23:04:50
_messynessy,2018-09-18 00:23:17
lovechip,2018-06-18 08:22:57
deathbyemail,2018-10-29 07:21:35
Tesn,2018-10-29 04:27:07
flaminfunyun,2018-06-06 01:29:52
TinyOne9,2018-04-03 17:15:30
georgelovesgene,2018-10-19 14:47:07
CakeSaladTornado,2018-08-26 02:01:27
Invisiblewish,2018-10-29 01:03:40
Curiousforhelp02,2018-08-14 22:48:31
E_R_L_O,2018-09-04 19:07:31
ALogicalMoniedOwl,2018-03-24 11:07:48
savemoney2121,2018-10-28 11:03:01
foundinthewaves,2018-10-08 01:49:12
physicallyuncomfort,2018-09-23 21:21:09
frankenberryblast,2018-09-01 04:52:27
sadgirlsadsongz,2018-10-26 21:33:41
the_greywolf,2018-08-22 22:01:16
slurmbean,2018-10-15 04:50:41
eldara_ember,2018-09-03 15:32:19
xepre,2018-10-04 09:28:21
cheezypita,2018-07-27 05:09:11
ahumpsters,2018-03-29 21:40:52
jamieschmidt,2018-05-15 01:30:58
braeica,2018-02-28 13:57:30
Morgenmorgan,2018-09-12 01:07:30
poweroftheschwartz,2018-04-18 21:36:47
GingerQueenBee,2018-10-27 22:16:27
Dragonslayergirl,2018-10-27 21:13:30
cloudychances1,2018-01-11 03:28:33
bendybat,2018-10-27 13:45:24
sacredestsecret,2018-10-27 07:15:07
fornthorge,2018-10-27 05:19:59
9mackenzie,2018-01-06 01:44:37
RugerTX,2018-10-27 02:43:45
hebephreniac,2018-01-04 02:37:03
hannibalstarship,2018-09-30 04:05:59
melissaerin23,2018-01-26 19:23:08
mbczoie,2018-06-10 15:41:58
BloominUterus,2018-08-31 17:55:02
soul_asylum311,2018-10-13 20:09:38
psych0psychologist,2018-08-22 16:10:28
jessicarabbitsbits,2018-03-09 17:02:36
ravenously_red,2018-04-19 07:57:29
Orchid-Flower,2018-03-11 11:03:42
Sephathir,2018-05-03 02:58:38
Katreyn,2018-01-28 02:37:36
katdogg15,2018-10-14 18:25:01
bitchardsimmons,2018-10-26 03:24:04
brand-new-boy,2018-10-26 02:50:15
drlitt,2018-05-23 20:12:24
CLWsucks,2018-01-03 16:49:26
UnlikelyRiver,2018-05-17 15:20:25
talkinginbed,2018-01-10 01:44:43
tinydilophosaur,2018-02-26 22:47:43
Wool-Therapy,2018-10-18 18:25:26
Cr0c0diL35,2018-04-02 18:23:43
HorseJumper,2018-01-18 02:43:21
PinkCatman,2018-05-01 00:19:49
JagerKitteh,2018-10-15 15:10:20
needco,2018-01-12 00:15:48
sneakpeekbot,2018-02-05 01:43:39
Cipherre,2018-10-23 04:40:22
WindyBluff,2018-05-15 00:57:31
Jessmadridinc,2018-03-17 16:36:48
Lizbethmyth,2018-10-16 21:29:26
flickr044,2018-05-03 14:14:49
carlijade12891,2018-02-01 18:25:16
[deleted],2018-01-05 20:28:38
charlottedhouse,2018-02-01 05:19:12
ziphi,2018-02-26 17:08:21
morelikearaccoon,2018-09-16 07:34:41
col0rlesslife,2018-07-25 22:04:56
bahamalove,2018-10-23 20:20:32
HolleyBrianne,2018-10-23 21:18:12
expatlassinSEA,2018-02-12 17:02:25
tlmr14,2018-10-23 20:53:52
peroctopus,2018-01-07 03:08:10
_dislocated,2018-03-27 17:12:49
-olive-,2018-10-23 07:27:16
smstrese,2018-01-19 00:38:57
icrochetedthething,2018-01-31 12:15:12
Micky_B,2018-08-11 00:07:22
IMO4u,2018-02-23 15:38:05
soaringcomet11,2018-09-27 04:15:04
persiepanthercat,2018-01-18 20:22:40
widowjanetsnakehole,2018-09-18 02:28:45
r0ckchalk,2018-07-24 01:28:59
grlofmanyplaces,2018-10-01 00:49:40
pandapower-,2018-10-20 22:56:51
Toufles,2018-01-18 23:53:56
katarina-stratford,2018-10-16 04:58:03
PrinzessinMononoke,2018-07-01 11:47:36
rydenshep,2018-04-21 22:38:57
halffacekate,2018-10-22 18:56:54
hawkwrd,2018-08-29 14:37:03
bulk_barn,2018-03-19 06:16:39
PM_ME_UR_CC_INFO,2018-06-26 03:23:33
buckyisunlucky,2018-05-09 02:14:23
Cleopatrareads,2018-05-31 09:09:24
blessarose,2018-08-08 23:57:27
kialena,2018-10-21 21:09:27
LailaKitty,2018-10-21 18:17:37
captain-struggle-bus,2018-09-22 03:03:51
Eiriktherod,2018-09-22 12:45:07
naynayd,2018-03-29 23:36:40
bananasbuns,2018-01-14 01:21:47
trugzilla,2018-10-21 02:20:11
minikw2012,2018-10-20 14:36:59
whoissylvia,2018-08-20 01:35:41
cbrock18,2018-05-01 01:13:45
MatildaDiablo,2018-01-09 04:10:14
biotic-creator,2018-10-16 01:23:26
morningfog,2018-10-20 09:57:23
haiheyhai,2018-09-18 16:07:06
sciencejoy,2018-10-20 16:30:40
Saphira404,2018-10-20 15:58:56
lambo1109,2018-10-01 00:43:36
Local_Cranberry,2018-06-25 17:59:15
Cat-Nipped,2018-02-15 01:56:51
havenshereagain,2018-05-31 18:14:00
katie123katred,2018-04-01 04:48:47
Knotted_Mess,2018-10-20 01:50:44
SandyDrinksWine,2018-03-24 00:26:43
heyjessicarae,2018-10-19 00:59:28
m_stewart_baxter,2018-10-19 09:16:28
luckygirl25582,2018-04-28 20:45:05
mswproject,2018-10-19 13:15:50
mrstry,2018-07-31 02:15:08
TheViolinMaster,2018-08-17 19:15:50
corbaybay,2018-01-10 03:28:56
AllThoseSadSongs,2018-01-06 00:38:21
sherbetgibbon,2018-01-31 21:00:30
HaremBear,2018-04-21 13:37:40
wolfsbane04,2018-10-18 18:51:09
melindajoyk,2018-07-17 11:54:19
dmlaux,2018-05-28 19:50:34
enumeratedpowers,2018-10-19 10:01:51
blue_thingy,2018-01-07 22:00:11
jexxijane,2018-09-25 06:13:05
ivana-bitch,2018-08-29 23:03:55
Pucksnores,2018-10-17 21:13:42
Cocoricou,2018-04-17 01:49:38
rvolf36,2018-10-18 02:26:49
thesunstillrises,2018-10-18 17:54:31
topiarytime,2018-08-01 09:20:35
super_nice_shark,2018-02-22 22:41:42
K8Simone,2018-01-30 01:44:58
Dalekette,2018-01-23 15:52:33
Rktt123,2018-01-04 12:07:47
globyghost,2018-10-17 19:25:01
maymaii,2018-02-03 20:17:53
licoriceallsort,2018-02-25 10:25:37
Elizibithica,2018-08-21 15:10:06
pxl8d,2018-07-18 20:38:33
Avedea,2018-09-25 01:48:55
mdemygrl,2018-01-28 02:24:37
wannabedragonmother,2018-07-17 03:34:52
orange_jackass,2018-10-03 06:34:23
kayleighisdumb,2018-08-28 07:08:47
Dominiquej20,2018-07-02 18:13:02
amyfuzz,2018-08-07 06:01:32
TheDarkArtsHeFancies,2018-07-17 21:03:20
Mac2925,2018-10-04 02:32:43
iamlaura247,2018-10-04 03:02:17
endosucks,2018-07-23 00:48:34
pox2018,2018-10-04 10:02:43
SaraSaidSo,2018-03-17 22:41:38
augustchick,2018-06-28 20:41:11
Katobaron,2018-10-04 23:54:15
OhHiItsMe,2018-06-17 20:27:51
thenewyorkgod,2018-10-05 13:13:49
tsuyutittys,2018-10-05 15:20:34
123tracy,2018-10-05 22:08:08
lunaloveslights,2018-02-19 20:25:46
HowAboutNo1983,2018-06-29 05:50:37
Miss_Embie,2018-10-06 16:38:37
madmax252,2018-10-06 19:32:22
LilacWine2016,2018-01-15 23:06:31
Cafe-Con-Leche,2018-03-24 20:59:55
WriterLife2009,2018-09-06 20:04:25
PurplePeony94,2018-10-08 20:44:35
MissAthenaxIvy,2018-10-09 06:08:25
REDRUM2k16,2018-09-19 14:16:30
SeaOfBullshit,2018-06-26 21:47:05
staciarain,2018-05-17 21:23:42
arargeli,2018-10-10 09:17:30
cmunk13,2018-10-10 19:18:43
VirunVIICrest,2018-10-10 22:57:49
nope1017,2018-10-10 23:16:00
sollebel,2018-10-11 04:22:12
DeathDuckie,2018-08-31 19:15:42
Sixtenten,2018-10-12 00:41:44
stargirl1717,2018-05-22 03:07:23
JD0035,2018-07-23 17:25:53
Vickyl702,2018-10-12 19:21:24
zubat500,2018-09-26 16:36:43
thehappyplanteater,2018-05-21 15:17:33
MaryFelts,2018-10-14 14:25:35
halliwell24,2018-10-14 21:28:55
tarnishedpearl,2018-10-15 00:56:27
veronicaamariee981,2018-05-15 23:39:10
saewill,2018-10-15 20:35:25
jcr8352,2018-04-05 18:31:48
bbestcherub,2018-10-15 21:06:29
Soobella,2018-10-15 22:48:04
higherhopez,2018-10-16 05:19:16
literallyamy,2018-09-15 18:23:33
lawcatchicka,2018-07-30 23:33:27
permanentruby,2018-01-23 15:08:35
cleand23,2018-08-10 09:36:33
1407Hz,2018-10-17 09:40:12
throwaway_19_84,2018-07-31 19:09:22
ACasualMayEpic,2018-10-18 23:20:34
Tyroutersaurus-rex,2018-10-19 19:18:57
manman6352,2018-10-19 23:15:34
1Eliza,2018-01-27 15:06:16
rmsfr,2018-10-22 16:47:19
IamsonotFUNNY,2018-10-24 01:12:30
Nickitheenfp,2018-10-27 20:41:18
scarletmoonjt,2018-08-21 03:42:21
lightbright101,2018-07-28 23:08:12
impishraccoon,2018-02-26 05:11:28
Agreeable_Fig,2018-10-30 23:45:12
generic_108,2018-11-02 15:05:54
Phantasmal,2018-02-27 22:53:17
rachaelivy,2018-09-21 19:27:12
book_junkie,2018-04-01 04:16:58
linglingmiyagi,2018-10-02 16:44:16
40ktb23,2018-01-09 18:57:06
Randomreddit154,2018-10-01 15:37:07
HaruCakes,2018-09-19 14:02:49
Sleepystarxox,2018-09-16 01:16:22
nihilesque,2018-02-22 02:14:36
Throwaway_myshot,2018-03-21 12:49:58
akingdombythesea,2018-05-31 22:13:51
nibble25,2018-10-02 06:21:54
FartingPegasus,2018-09-30 01:24:03
hello_sharky,2018-01-18 05:17:19
atomicsoar,2018-06-01 01:44:38
taffylimbs,2018-04-02 12:37:07
Slavetoeverything,2018-01-05 08:08:52
lanasy,2018-07-19 01:49:41
CinderDreamStar,2018-10-01 23:45:02
purplegrape99,2018-02-24 09:38:26
Ttllyntathrowaway963,2018-10-01 20:10:23
l3luDream,2018-01-17 01:52:43
kateka2,2018-06-28 05:35:45
taylorbobalor420,2018-10-01 13:38:34
trillium_waste,2018-05-16 00:15:20
Anne1662,2018-09-27 17:10:59
idahocrab,2018-10-01 11:05:56
confidentwreck,2018-02-01 13:07:12
_stumbleweed_,2018-09-30 17:47:50
Poisum,2018-05-27 12:18:21
buddyfelix,2018-10-01 00:35:26
viscousstone,2018-09-27 21:52:25
newbieee__,2018-09-09 08:59:36
Funky_Farkleface,2018-01-17 03:21:14
glyha,2018-08-01 19:25:30
JoSnazzy,2018-08-06 13:40:17
tmaegan,2018-01-12 11:11:31
Nostangela,2018-09-30 23:09:24
contextISeverything,2018-01-18 05:10:42
kiauyan,2018-04-20 01:46:58
saralt,2018-01-22 21:34:03
Emlily91,2018-09-26 10:52:14
luckyluzy,2018-07-31 06:11:48
BitchCobbler,2018-02-19 22:29:14
Secretasari,2018-04-29 20:53:50
the_sweetest_peach,2018-08-14 07:11:35
maddieemm,2018-08-21 18:04:33
Naenia_Lachesis,2018-06-27 17:50:47
SparkleyRedOne,2018-09-30 05:34:01
LastDitchTryForAName,2018-07-01 16:08:04
akc82,2018-09-30 00:06:45
Bio-Calamity,2018-09-29 23:39:50
moonfever,2018-07-28 14:16:33
anefisenuf,2018-05-24 04:37:45
hokoonchi,2018-02-24 03:38:20
hungryhippo53,2018-02-01 23:55:06
thoughtsandthefeels,2018-01-14 21:52:06
CosmicLoop,2018-09-28 00:46:17
Ajsbmj,2018-05-14 16:11:54
mintmartini,2018-05-24 00:01:44
serinity,2018-09-15 05:16:05
x_musiclove_x,2018-02-11 03:24:22
Liverbones,2018-01-22 15:55:20
imabratinfluence,2018-01-20 23:17:03
raineeday14,2018-09-26 21:19:31
hannsandwich,2018-08-27 23:47:27
projectkennedymonkey,2018-09-14 11:43:29
LeftoverAnt,2018-04-19 04:57:47
boof_daddy,2018-09-20 20:09:38
Emily282,2018-09-27 04:37:10
Easilyforgotten2,2018-09-27 04:46:46
Ekbcvt,2018-08-26 02:24:43
Divinestargrl,2018-03-19 21:24:22
cocobootyslap,2018-09-24 14:57:23
corniefish,2018-03-02 04:54:42
VervainHue,2018-01-23 13:31:13
shadowxsong,2018-02-08 14:17:44
higherfasterfurther,2018-09-27 00:56:44
Shesthemama22,2018-08-21 15:47:41
CatLadyAM,2018-01-07 22:14:45
yeahletstrythisagain,2018-02-14 16:24:00
Wtfreeze,2018-09-27 04:24:10
elbowsmg,2018-01-12 00:00:46
stellarmeadow,2018-07-01 20:12:52
Thoughtgeist,2018-09-26 14:54:05
Rusticular,2018-04-25 06:20:13
forestouroboros,2018-03-04 19:45:40
caffeinejunkie17,2018-09-20 13:00:11
smallworldbuilder,2018-09-26 10:03:30
flacedpenis,2018-01-22 21:11:09
dleacock,2018-09-26 21:12:33
haveabanana,2018-04-02 19:48:13
Cocooilbroccolisalt,2018-09-26 20:02:06
CactusMadeOfPlastic,2018-09-26 19:47:38
Journey12,2018-08-26 17:52:26
tfeds143,2018-09-26 15:06:22
BirbWizard,2018-07-24 00:28:12
pengy1992,2018-09-23 08:17:36
chipblossom,2018-09-26 07:36:10
syllogismm,2018-09-26 07:48:53
Wandos7,2018-09-26 07:36:12
mrsskit,2018-01-28 06:01:31
GaiaSpirit,2018-08-17 21:44:35
baddiedraper,2018-09-25 20:19:20
LightningMaiden,2018-09-25 19:51:08
kittenlady13,2018-03-27 12:46:30
milesedgeworthy,2018-09-15 13:20:37
HillaB,2018-02-19 14:35:02
explodedpen,2018-09-25 03:41:12
thegirlwiththebook,2018-07-28 18:20:54
larnen,2018-09-23 17:35:03
caroqueue,2018-01-23 16:37:58
bulkychameleon,2018-02-21 21:17:56
riley11817,2018-08-07 01:27:09
boofWEWLAD,2018-08-22 16:13:09
LaurinLooLoo,2018-09-24 16:24:56
real_yarrr_shug,2018-03-25 17:16:03
hotdentist,2018-05-01 12:18:59
redlorelei,2018-02-16 01:55:10
sphiiinx7,2018-01-15 02:01:09
OMG-puppies,2018-06-18 14:39:05
CaptainJort,2018-03-31 19:24:14
arachnine,2018-09-20 08:00:37
tabela5,2018-02-28 03:50:01
EliseReq,2018-02-28 02:49:35
frozencroy,2018-09-22 15:34:26
OGingerSnap,2018-09-16 01:43:12
gabyufv,2018-06-19 01:47:16
kabes,2018-03-25 04:47:46
harpmansheroin,2018-09-22 10:17:26
pugsandpinkhair,2018-09-22 02:52:39
meghonsolozar,2018-02-19 11:15:44
oxford_serpentine,2018-01-09 22:32:08
MyDeLoo,2018-09-21 01:35:16
Arte1008,2018-09-21 00:50:27
That-girl-you-knew,2018-05-22 23:06:20
NauntyNienel,2018-09-20 12:42:53
boba_fett666,2018-08-14 23:27:31
Im_not_an_angel,2018-05-28 10:05:42
whatsmynombre,2018-09-20 14:42:08
mermaidmagick,2018-02-22 15:26:13
ddragonsprenkle,2018-09-20 02:24:54
shakeytee10117,2018-06-26 16:18:50
queenofcompost,2018-03-24 11:07:47
NaeLovesPokemon,2018-09-19 22:59:30
yaNahmean,2018-02-12 19:04:15
SoulKeeper25,2018-06-18 21:30:33
Oregonfarms,2018-02-03 12:51:52
pumpkin44,2018-09-15 19:59:43
glitzycupcake,2018-01-25 13:20:46
karin_cow,2018-01-12 19:38:51
missuswright,2018-09-12 22:26:24
tootaloots,2018-09-19 14:59:54
Bethanyjcoolio,2018-08-20 03:04:58
oneangstychick,2018-01-16 13:21:12
Samara_WoofX3,2018-05-19 12:28:05
Whateverworks90,2018-09-19 09:05:56
CraftyWatts,2018-09-19 04:51:28
endo_ow,2018-01-26 21:41:47
lolyouwishpfft,2018-09-18 23:14:22
NarutoFanfiction,2018-09-18 21:25:34
jodics,2018-09-01 12:42:06
iwditt2018,2018-09-18 20:21:58
baloola,2018-02-15 14:16:31
sarah_pfeiff,2018-09-18 20:40:25
christinems4280,2018-03-28 15:40:20
NoPantsPenny,2018-04-08 19:57:33
Supreme_Switch,2018-06-25 18:18:07
Arkady1013,2018-09-17 13:47:07
serotoninlove,2018-07-22 17:52:53
fredofull,2018-09-17 16:02:41
LemurPants,2018-02-13 20:42:43
LeNoirDarling,2018-01-30 21:58:51
betamorphosis,2018-09-16 18:48:47
Union_of_the_Snake,2018-02-10 22:35:10
catticus_thegrey,2018-06-05 00:35:18
nurseintrerrupted,2018-09-16 15:40:22
NoOrdinaryRabbit19,2018-06-27 01:19:50
RedRopeTiger,2018-02-10 18:11:22
lalu80,2018-07-10 13:58:08
iamjill,2018-04-02 00:10:05
iAmPizzaJohn,2018-04-21 12:03:58
MizzCthulhu,2018-02-14 22:05:41
morganapril18,2018-09-15 18:46:00
Maximalist_,2018-09-16 15:56:57
theorigamicrane,2018-05-23 23:57:00
bugeatmud,2018-01-23 16:01:35
callarose,2018-01-24 05:59:34
haras718,2018-09-15 22:38:08
missgracenz,2018-10-02 07:48:15
zoey-theboston,2018-08-02 00:58:05
maryjanegurl420loljk,2018-07-21 20:55:01
flipflopped_plans,2018-01-04 19:35:05
givewiththeheart,2018-06-06 13:46:18
blackcurrantcat,2018-09-29 21:20:14
erinmh59,2018-09-29 18:43:59
Almost_maus,2018-09-29 03:25:55
jltch,2018-09-27 00:13:53
lexipedia27,2018-08-20 14:31:50
spineapples,2018-09-25 20:34:57
pumper_my_nickle,2018-02-27 01:32:54
Nipples-_-Da-_-Clown,2018-09-24 14:56:49
buttholedimple,2018-09-24 12:09:29
fayebambi,2018-09-20 16:40:38
bundista,2018-03-02 02:07:22
awkwardllamaface,2018-09-19 02:48:11
moongazer94,2018-09-19 01:22:04
DoNotEatAllTheDonuts,2018-07-02 16:11:18
filmennui,2018-09-17 01:57:39
acbeary,2018-01-10 21:54:19
dearwolflittlelamb,2018-09-16 17:37:11
Grandmakidnapper,2018-09-16 06:16:43
night_trotter,2018-09-15 01:27:08
whyw,2018-01-27 15:22:54
ohpants_,2018-09-14 19:45:48
aaelleaay,2018-09-14 15:12:29
erinsylvia92,2018-01-08 22:41:55
abstractquatsch,2018-09-14 03:55:40
Kay_McE,2018-09-14 01:39:33
GrizeldaVonZond,2018-09-13 19:00:43
5tayfantast1c,2018-09-13 00:05:19
belitafelipa,2018-07-25 20:51:33
Sxy_,2018-09-12 18:25:33
madsome03,2018-09-12 03:00:25
fuckyousexyflanders,2018-09-11 20:23:14
iluvbagpipeanddrums,2018-09-03 18:46:28
margotbaratheon,2018-05-24 06:47:37
WickedStarlight,2018-07-23 17:39:18
psylockestwin559,2018-07-23 04:01:34
Lyle-Z-Crocodile,2018-09-10 19:48:22
Ceeunxtues,2018-09-10 17:38:45
Catzzz1012,2018-09-09 13:11:31
CatLionGiraffe,2018-07-10 16:30:08
little_peter_rabbit,2018-08-19 22:31:39
AlaskanTattooBrat,2018-09-09 03:40:18
klutzykayla,2018-05-23 14:51:32
Cutsew,2018-09-08 19:46:42
Frfre,2018-09-08 12:01:19
CaptainTao,2018-04-18 07:04:50
alittleelephant,2018-04-05 05:14:53
Scarlette__,2018-05-19 00:11:23
batman_robyn,2018-09-07 02:54:38
factcheckrr,2018-09-06 18:12:43
NeuralHijacker,2018-09-05 21:04:39
ilikecondiments,2018-09-05 18:52:13
jeast,2018-06-16 13:55:38
gennajean,2018-09-05 14:39:55
CTButters,2018-09-05 04:13:57
maeasm3,2018-09-05 02:25:11
fawks13,2018-04-04 09:00:46
endohnoes,2018-09-04 22:57:19
a_bottle_of_you,2018-08-17 02:03:04
Theladykenway,2018-09-04 12:55:38
Sweet_Red22,2018-09-04 05:51:04
molly__pop,2018-09-04 00:53:41
shovebove,2018-09-03 23:27:14
SwtSthrnBelle,2018-09-03 19:01:19
L-dubbs,2018-02-12 13:52:13
soisaystomabel_,2018-01-17 06:42:44
michellemcc98,2018-04-25 11:12:33
jockgf,2018-08-30 13:34:17
limepancake,2018-09-02 04:50:23
IHMS2014,2018-05-22 04:26:01
rosielouu,2018-09-02 00:17:15
dreamer_dw,2018-01-10 19:50:02
kit_branc,2018-01-13 06:34:38
lovedoesnotdelight,2018-04-09 09:57:40
hvh_19,2018-06-15 16:00:12
califrnia,2018-08-31 23:10:14
I_am_over_the_BS,2018-08-24 16:24:58
jaydensmommie,2018-09-01 12:43:04
motivationascending,2018-01-22 03:14:06
KaoriTacco,2018-07-25 14:23:39
TotesMessenger,2018-03-07 20:15:58
hbarlowe,2018-08-29 22:27:21
battlesword83,2018-08-30 23:18:51
mother_cluckers,2018-01-24 00:23:58
dancesinpublic,2018-06-21 05:15:53
Lady_face46,2018-01-16 05:17:14
TSOFAN2002,2018-08-28 22:59:18
Dragonlov3er,2018-08-30 20:49:42
m_catherine,2018-08-22 18:45:19
Vanessa_Amore,2018-08-30 08:04:15
bionitch,2018-08-02 23:26:02
SummeRawr,2018-07-26 12:18:12
hemiones,2018-01-04 12:52:59
mfmlady27,2018-08-29 16:01:12
jrobocho,2018-08-30 03:36:57
miss_krista,2018-01-03 08:16:15
VitaGratis,2018-08-05 02:37:09
missgrumpypants2,2018-08-29 17:42:56
curlyq7,2018-03-20 01:35:09
kawaiboczek,2018-08-29 22:53:57
bugalugandpen,2018-08-29 22:30:48
chipgal,2018-07-24 20:26:03
erinn1986,2018-02-24 15:02:34
devilswhorehell,2018-08-29 12:41:00
LauretteOB,2018-05-18 06:25:08
blindscorpio20,2018-05-26 20:31:33
c0smiclove,2018-06-05 00:56:37
GrimCreeper616,2018-08-06 22:14:28
piratically,2018-08-28 22:46:23
shortxxround,2018-01-22 23:00:34
tinyragebeast,2018-01-15 02:03:33
ttmegs,2018-07-24 16:30:43
Ridiculous_Diagnosis,2018-03-07 17:23:37
goldfishsam,2018-08-25 20:10:06
PiranhaBiter,2018-08-27 03:59:12
olive249,2018-08-28 01:10:00
Talvana,2018-07-19 12:35:58
Dr3ssag3,2018-08-27 20:43:16
nedstarkwasbonkers,2018-08-26 00:25:39
Tazzer000,2018-04-17 19:29:08
cakecrap,2018-08-27 20:53:28
VioletApple,2018-05-28 12:20:00
DaisyLevi19,2018-05-19 20:23:02
juliadream88,2018-02-20 14:20:21
juleslikescats,2018-05-14 17:36:58
Zebramystery,2018-01-11 18:27:34
screwyoumike,2018-08-27 11:30:36
wtt_throwaway,2018-01-12 17:27:59
dogslides,2018-08-27 10:22:56
alexllamas94,2018-06-26 03:06:41
germanny,2018-08-27 03:49:44
rjuly28,2018-07-20 06:00:45
thisisnomereranger,2018-08-26 20:27:51
D_A_N2,2018-08-26 01:04:48
AD__1,2018-08-25 22:51:05
saucy_mcsauceface,2018-08-26 01:04:36
ukunqoba,2018-01-18 10:31:49
cassiejessie,2018-08-15 02:59:40
nearly_normal,2018-01-07 18:40:27
nacholeybalogna,2018-03-26 02:02:59
Kittyk4y,2018-01-09 07:40:54
dcarter1994,2018-08-23 23:04:24
elloriy,2018-08-24 01:47:29
oreogasm,2018-04-09 02:54:38
johnlennonssidechick,2018-03-15 14:50:49
Lost_Babe,2018-08-23 17:23:31
aerinne,2018-07-21 13:44:14
mooid,2018-08-24 15:24:15
coffeeandjesus1986,2018-07-28 02:29:05
isleshocky,2018-07-25 00:58:56
im_a_sheep_ama,2018-02-26 00:56:33
genericgotreference,2018-08-09 05:36:16
MoonOnyxJewls,2018-08-24 01:00:21
amb_ee,2018-01-27 15:54:42
anglochilanga,2018-04-23 10:38:22
floozybiscuit,2018-03-24 21:28:30
meg-c,2018-07-05 06:03:55
tiggereth,2018-08-23 14:27:55
glitterpie56,2018-08-23 14:12:11
juneford,2018-05-28 02:29:57
GemGem1989,2018-06-26 19:44:24
Temii2727,2018-08-01 05:22:47
Jnations0204,2018-08-22 01:28:14
someday_westerly,2018-08-23 03:30:01
beebalicious,2018-08-23 02:06:02
LionGaleForceWall,2018-01-18 13:58:38
LozillaRar,2018-08-10 04:25:09
kmskayla,2018-08-22 16:57:59
Indubitably_Anon_8,2018-07-27 16:56:11
Falkon102,2018-08-22 19:19:39
RageAgainstUndrroos,2018-08-22 19:05:30
Krissy711,2018-08-06 00:38:27
amandatory_reading,2018-01-10 15:14:09
dfigiel1,2018-08-21 18:38:01
bebemouse,2018-08-22 11:07:11
littlebittykittyone,2018-02-28 08:12:03
Nightvision_UK,2018-02-15 21:02:44
untitlednumber12,2018-08-22 07:57:11
moomeansmoo,2018-04-17 21:27:45
Daniyelles,2018-01-10 15:40:00
Esined89,2018-07-09 05:49:54
Ohanaette,2018-04-23 04:21:23
souless_ginger84,2018-08-22 03:16:37
PukeDizz,2018-01-18 01:46:14
UntalkativeJelly,2018-07-04 23:44:30
browneyes33,2018-08-21 22:55:04
picklebreath_forlife,2018-01-23 02:51:56
rockandlove,2018-05-16 15:42:33
bantha_poodoo,2018-01-11 12:43:29
michtied94,2018-06-07 21:41:10
truebluerose,2018-03-01 01:16:23
tortoisecrazylady,2018-08-21 04:31:00
cajen33,2018-05-19 14:07:47
ta_hini,2018-08-10 07:42:40
elmmi,2018-06-09 01:01:26
Waitisthatacat,2018-04-15 19:29:15
stacyprobs,2018-08-19 14:53:59
Shiloh634,2018-08-20 11:04:54
heatherattacks,2018-01-12 02:25:53
sleepybugeyes,2018-06-27 19:30:01
SmileyMcGee27,2018-02-27 22:56:17
Delhidating,2018-08-29 07:19:20
mismashful,2018-08-28 22:37:52
awfullydepressedblue,2018-08-28 06:36:46
bthecrazybirdlady,2018-06-12 09:51:51
pizzapartay28,2018-08-25 16:59:37
HFXmer,2018-08-23 19:25:23
Gingerr_Princess,2018-08-16 05:31:17
Thekellbelle,2018-08-22 00:13:17
Km299,2018-06-01 21:36:41
ashleymhart,2018-01-22 20:56:02
earthalienemma,2018-08-20 19:43:30
BernieMoo,2018-01-15 05:44:36
marcy512,2018-06-19 02:59:40
throwx4123,2018-08-07 07:32:12
boardgamingcat,2018-07-14 13:41:02
riwalenn,2018-08-17 20:43:56
interstial_octopus,2018-07-20 02:09:01
northlabs,2018-08-15 21:55:30
Guavaberry27,2018-05-14 13:36:42
steebers0528,2018-02-19 20:15:15
flower_childxoxo,2018-07-15 02:46:29
daylily21,2018-08-14 23:21:54
softlycries,2018-08-14 19:54:38
learning12345678910,2018-08-14 18:54:08
nlb3437,2018-07-16 13:52:17
LAgurl1997,2018-02-11 05:42:05
widmizical,2018-08-13 18:24:37
Decadeofpain,2018-01-17 10:46:27
3Cool5Life,2018-07-10 18:48:18
christiftw98,2018-08-12 02:56:20
AnonLions,2018-08-12 01:45:13
Milk_God,2018-04-08 12:49:48
Maybebaby1010,2018-08-10 17:48:57
printedsoul,2018-07-25 02:44:36
jamesbellamy99,2018-08-10 01:53:18
DRW1116,2018-08-09 22:32:16
nonnahs_trazoc1,2018-08-09 19:59:17
Lymnica,2018-08-09 15:13:23
SureAd7,2018-08-09 03:34:36
alexserthes,2018-07-02 15:24:10
Steviegirl17,2018-06-17 02:23:33
pizz4,2018-08-07 04:48:27
saatchi-s,2018-08-07 02:26:58
MissPlaying,2018-08-06 22:29:14
LizziPizzo,2018-03-02 01:13:48
fiftytwofloors,2018-08-06 08:13:21
grangerowling,2018-08-06 07:17:04
SunBunz1up,2018-08-06 04:53:29
MeganKaye_,2018-07-08 02:31:29
queenofnosleep,2018-08-04 23:21:41
anthurium1,2018-05-08 16:40:13
splintor,2018-08-03 20:13:58
throwavayg,2018-08-03 13:28:12
VonAschenbach,2018-07-22 20:52:35
beewitt,2018-06-10 21:08:46
arachelrhino,2018-01-25 17:38:53
queenkitsch,2018-08-02 14:53:59
AllieJ52,2018-08-01 21:02:03
difficult_tree,2018-02-22 11:33:53
a_pure_heart,2018-02-18 04:44:25
jack194,2018-02-21 21:02:06
itchyouch,2018-08-01 20:48:12
FrozenKlondyke,2018-07-31 17:40:20
gh0stfl0wers,2018-02-27 16:40:47
sleeping-pug,2018-08-01 11:49:31
llamacorn23,2018-07-30 20:19:34
BananaFactBot,2018-08-01 11:01:58
NocturnalNightingale,2018-03-25 07:44:17
Chemistry_nerd20,2018-06-04 18:33:23
ultimatewikibot,2018-07-30 01:44:10
A-Robots-Heart,2018-03-24 19:00:42
Utarzan89,2018-06-15 04:42:41
thetattooedlady6,2018-08-01 02:06:05
datura527,2018-01-13 14:18:34
breadprincess,2018-03-17 14:35:49
cdb7751,2018-01-16 14:09:11
cga15,2018-01-13 17:13:52
Joolezroolez,2018-07-31 20:45:17
MML1101,2018-01-29 07:39:18
thegreymalkindidit,2018-04-16 19:38:11
maljem,2018-02-05 05:28:14
oohadi,2018-07-10 21:20:58
pennylane666,2018-07-31 07:46:42
pinkksunglasses,2018-03-14 02:36:17
teolhc,2018-07-30 22:52:40
throwaway1029834765,2018-07-30 18:26:29
HannerLlawn,2018-05-28 04:59:16
VisibleLegacy,2018-07-30 01:44:01
PerfumePoodle,2018-05-17 22:59:54
seriouslythanks,2018-04-22 07:57:18
Louisiana_girl07,2018-07-30 20:20:00
pageantfool,2018-02-22 08:20:31
Pulaski_at_Night,2018-07-21 20:53:29
OhRobots,2018-07-30 14:30:52
skipperMillz,2018-04-17 08:15:07
missiontomarsbars,2018-01-11 07:26:11
mobobongos,2018-04-21 22:50:06
DepressedTerrestrial,2018-06-27 05:06:20
Gangsta-Grandma,2018-07-21 15:14:03
oldladygonewild,2018-07-29 21:04:22
pixiebiz,2018-07-26 20:26:02
ughlevel1000,2018-07-28 16:14:26
Adriaticsea9,2018-07-29 19:05:39
ladysmoke,2018-07-28 03:26:17
nmp88,2018-07-15 05:44:51
Leah_33,2018-07-29 01:04:58
Sabrina9458,2018-07-13 23:00:43
cr2o3,2018-07-29 12:22:23
Pleaseinsert-girder,2018-07-29 05:48:03
Bananacaramel,2018-07-28 23:02:47
spaceball_ricochet,2018-05-14 16:32:52
Osumae,2018-06-28 20:33:02
bwwbbwwb,2018-01-14 03:21:50
webrac,2018-02-14 16:00:10
isthatcatparty,2018-07-28 14:11:05
electricshake,2018-02-18 21:14:16
katrinaxo-,2018-07-28 07:38:27
EMP781,2018-07-19 14:14:25
reallyafox,2018-07-27 15:06:07
flexibleegg,2018-05-29 04:31:32
Signless69,2018-07-23 06:04:41
that_horse_girl,2018-07-25 04:11:03
RainbowLynx,2018-01-03 14:16:26
dibblah,2018-01-16 10:11:42
PandaGPiggy,2018-04-29 21:56:15
AGirlIKnew,2018-07-26 12:58:38
Irukandji37,2018-07-24 04:47:27
helenrosehealingoil,2018-07-26 07:26:17
EQWashu,2018-07-26 01:59:20
datacollectingdata,2018-02-14 14:10:00
TheMarchHareHarry,2018-03-22 10:52:32
IHopeYouStepOnALego,2018-01-27 21:04:21
SabrinaHiss,2018-07-26 00:31:32
jchris7,2018-05-24 01:03:48
emotionalitis,2018-02-01 22:00:49
itsalrightt,2018-07-25 14:17:38
havinababymaybe,2018-07-20 06:30:07
sofarso-good,2018-05-22 16:37:15
DwellerMike,2018-06-27 15:40:57
haaans1,2018-07-25 04:34:02
renegad3rogu3,2018-01-26 15:12:03
rockstarberst,2018-03-06 20:03:39
mixterrific,2018-02-01 23:57:15
Yayimsocreative,2018-02-05 11:09:42
Med_vs_Pretty_Huge,2018-07-24 02:08:11
sandyfrey19880,2018-07-24 21:28:59
aves33,2018-01-25 18:28:08
xxvoovxx,2018-05-11 08:27:01
MJchi,2018-02-24 18:55:38
ImmaTriangle,2018-01-17 19:12:39
acmesounds,2018-01-18 07:01:29
stacksdweller,2018-03-25 18:02:16
basieswings,2018-04-09 14:13:05
churrupurru,2018-07-23 21:53:11
michalaredhead,2018-07-03 17:50:16
fallenlilstar,2018-04-17 20:17:59
oreomd,2018-03-30 06:06:28
smolangrypeanut,2018-04-01 23:45:17
veganxxx,2018-05-29 03:07:28
ayang080,2018-07-22 19:36:45
PatienceIsTorture,2018-07-21 22:14:44
redzsazsa,2018-02-22 09:20:24
Pomatomaster,2018-07-15 22:30:10
Silveram00n,2018-07-20 06:41:57
FindingZen,2018-05-07 21:19:24
foolishle,2018-07-21 09:19:22
fuzzyp1nkd3ath,2018-07-21 08:46:58
earthw0rmy,2018-07-21 07:03:11
jadeums,2018-04-22 07:13:12
galacticgabby,2018-05-12 09:34:28
thepatchouligirl,2018-02-25 17:09:30
rgrace89,2018-03-26 20:10:37
Endless_brownies,2018-06-26 16:02:19
johndave1512,2018-07-20 11:18:27
mah_spoon_is_too_big,2018-07-20 10:37:31
ElegantVelociraptor,2018-07-20 10:47:44
wantafry,2018-07-02 17:54:55
lemonfucker007,2018-02-14 02:00:10
slim_zimm,2018-07-19 19:31:36
Ta-karo,2018-07-16 06:21:17
matabored,2018-05-11 20:58:17
Pootlie,2018-07-19 02:21:32
jmlovie54,2018-07-18 22:09:49
rmb0924,2018-07-18 20:54:35
SalivationStation,2018-08-02 13:20:42
gufyduck,2018-02-17 18:44:45
cellmakar,2018-08-01 12:44:14
Jennrockk,2018-03-06 04:02:02
jivg2,2018-01-25 00:59:02
cashless1017,2018-03-18 04:14:48
montag60,2018-07-26 15:33:52
samsaragx,2018-07-26 14:50:57
11Newark,2018-07-11 18:44:09
jyist,2018-07-24 12:44:47
rumplefrumple,2018-07-23 18:47:17
daisydelphine,2018-07-23 13:48:32
blackcatluck13,2018-04-03 19:27:56
galentine618,2018-07-19 03:51:20
OneoftheFreuds,2018-07-17 00:56:51
miranskii,2018-04-11 16:54:29
thisismichelled,2018-07-16 22:56:27
mindshi,2018-06-14 13:31:27
Pannaburr,2018-07-16 08:39:37
throwaway34838994,2018-07-14 22:32:39
shelbysdixon,2018-07-14 13:32:57
princess_myshkin,2018-01-23 22:56:39
_coyotelovely,2018-07-13 15:06:08
iMightBeAManatee,2018-02-05 15:46:22
littlegrayfatcat,2018-07-11 05:45:01
ms-underhill,2018-01-31 01:20:37
everythingisshit-,2018-07-09 20:53:42
LifeCoconut,2018-04-17 09:26:49
snazzysunshine,2018-07-09 17:18:30
wildguts,2018-03-28 20:16:33
birdsbunniescoffee,2018-06-14 19:37:49
TurtleMower06,2018-07-09 10:23:33
Lonestargal15,2018-01-13 20:10:32
ceruleanmuse,2018-07-07 15:30:09
xMaydayxParade3,2018-07-06 19:57:13
ThatOneDinoOverThere,2018-07-06 16:59:45
Blue_Bird27,2018-07-06 13:00:18
victoriaroseee_,2018-05-29 20:41:27
gynvisit5,2018-07-05 03:22:45
littleteapot01,2018-07-05 03:21:08
ktillsian,2018-07-04 21:35:48
souptanuts,2018-07-04 15:18:15
sillybug27,2018-07-03 23:11:26
sleepy-donut,2018-07-03 21:00:55
MariahDwayne,2018-07-03 20:48:34
corraithe,2018-06-24 08:50:11
mathbows,2018-06-26 12:30:26
queenofcuntwe,2018-07-03 06:08:21
Rosehips89,2018-07-03 06:02:19
izzykim,2018-07-03 03:06:43
blackcatcube,2018-05-18 14:54:33
naowp,2018-07-01 20:04:47
aprzygocki,2018-06-11 02:03:21
ciestaconquistador,2018-02-08 10:53:36
Quickflicker,2018-01-20 05:26:29
monsieurcannibale,2018-06-19 08:33:40
surrogatelegend,2018-06-08 17:27:23
decadin,2018-04-01 16:39:04
Yesmaybedepends,2018-02-09 23:04:08
flowersandsunshine24,2018-02-12 21:37:43
SionnachDearg,2018-03-02 10:24:49
MBE1993,2018-05-01 11:03:44
knocks9,2018-01-23 21:31:30
kmeowth,2018-06-29 04:23:20
re_beccca,2018-02-22 16:29:49
mileysmustache,2018-01-26 14:23:19
ucantstopmeAmerica,2018-02-03 23:50:33
JaimeTalks,2018-06-30 08:27:38
Ryveting,2018-02-09 19:53:14
whatswestofwesteros,2018-06-29 12:39:20
littlepanda1,2018-01-25 16:24:22
BibbidiBobbityBoop,2018-02-11 03:52:27
LostAMillionMen,2018-02-18 17:29:04
mafaldaconquino,2018-06-29 01:49:06
fiberartist219,2018-03-22 03:19:04
_Okayz_,2018-06-27 11:35:02
runlizzyrun,2018-06-28 15:31:38
KristiRTT,2018-06-25 00:11:58
nicoke17,2018-06-28 14:47:24
Stop-spasmtime,2018-04-30 13:22:46
PuzzleheadedRaisin,2018-05-15 00:17:32
maire114,2018-06-28 01:56:57
ohnonokat,2018-05-12 02:43:06
meeooww,2018-01-10 20:40:09
demon_floof,2018-04-19 11:19:06
woke_pug,2018-02-19 00:41:42
CatastrophicMeow,2018-06-27 14:26:02
Dcougs,2018-05-28 00:05:44
floralfootprint,2018-05-31 21:33:45
lanabananaaas,2018-06-27 13:23:59
pbndjam,2018-02-15 16:43:36
sf618,2018-06-24 15:10:57
fillthenest32018,2018-01-25 21:43:37
Zebra7911,2018-06-27 01:00:01
txmoonpie1,2018-06-26 23:40:18
magicmuscle,2018-06-26 23:26:56
SuperGhoulsNGhosts,2018-06-26 19:29:34
robotundies,2018-02-28 12:06:24
vulchiegoodness,2018-06-26 13:54:44
applegoodstomach,2018-01-13 17:50:52
jaiex,2018-03-04 20:14:57
sunsh1n3d4ydr34m,2018-02-10 00:12:25
idkmyname__77,2018-04-07 17:10:39
Lieutenantfuzzypants,2018-05-20 03:11:06
Jlb864,2018-06-21 01:52:11
zenaa21,2018-06-25 02:37:51
shattercat,2018-06-24 17:48:48
TexMonty,2018-06-24 03:27:36
endodependo,2018-06-24 09:52:23
IntrapersonalSkills,2018-02-19 18:30:17
Ninjamoo,2018-04-18 17:51:20
livesarah,2018-06-24 02:28:32
ilovebigbikes,2018-06-18 15:36:14
mai_midori,2018-06-23 16:00:29
morning-ti,2018-03-22 06:30:46
fernxqueen,2018-04-17 17:35:35
burritoburrato,2018-06-22 06:17:27
Eczeptional,2018-06-08 23:55:13
amberwiddlecocoa,2018-06-22 07:19:00
GillyWeed16,2018-01-11 02:01:20
beingblonde900,2018-06-22 00:37:04
aWildSarcasm,2018-06-20 12:22:59
Sibergem,2018-06-21 17:09:44
MeepsWellfed,2018-04-03 23:22:25
marchhares,2018-06-20 13:29:06
Offthelights,2018-06-21 05:58:47
mydarlingmuse,2018-02-14 00:12:15
thethoughtoflilacs,2018-06-20 18:44:45
Dragonsinger16,2018-01-27 18:40:35
hotchook,2018-06-20 14:02:55
Wicket907,2018-04-30 04:03:47
weresurefire,2018-01-05 04:30:10
cats_and_cars,2018-05-15 01:32:29
Getting_Help,2018-06-11 04:59:49
spookyseaweed,2018-06-19 17:29:35
King_of_the_Emo,2018-06-19 08:26:56
Aleutienne,2018-06-19 16:28:03
can-I-get-a-nap,2018-05-18 21:54:46
thekingiscrownless,2018-06-02 13:57:25
conowak1,2018-02-07 04:16:53
jasmminne,2018-06-19 14:11:28
unholygoose,2018-06-14 16:18:12
EternalWomen,2018-02-06 23:27:13
missvanjie123,2018-06-19 07:27:27
iseeladybugs,2018-06-18 13:48:21
nahnotlikethat,2018-02-18 22:48:05
knittedsock,2018-01-06 01:30:21
my2017username,2018-03-25 19:53:25
moon35380,2018-06-18 13:45:53
August_Norman,2018-06-18 06:23:40
jooorts,2018-06-16 21:06:37
pepperm1nt_tea,2018-06-17 23:15:41
Jedi_Elsa,2018-06-18 02:17:30
lilacsandhoney,2018-06-17 01:00:57
socksnsweaters,2018-01-10 04:26:51
Windolene,2018-06-17 13:21:01
Serenity_87,2018-06-17 09:06:11
Verrucketiere,2018-06-17 03:51:10
_lazy_susan,2018-06-17 00:30:18
caitycat9446,2018-04-02 03:47:01
emilypaigenotemily,2018-06-16 14:42:58
pb_rogue,2018-06-16 01:46:40
sprinklesthrowaway,2018-06-13 08:09:15
thrownawayfor561,2018-06-13 01:22:29
maggie-mgill,2018-06-15 13:06:08
enva88,2018-06-15 01:45:38
visionsofpalmtrees,2018-03-02 18:08:59
r0peburnbby,2018-05-15 05:24:05
tmarie656,2018-04-28 18:39:08
Un_Poketo,2018-06-14 19:21:25
GracieLaww,2018-06-14 19:18:40
peach_sapphire,2018-04-11 05:49:43
poddly,2018-07-02 05:11:33
smp_90,2018-06-29 16:39:08
JasonTrottGreens,2018-06-26 11:05:12
-jean-valjean-,2018-03-07 13:07:16
porcupine-,2018-02-07 01:38:36
upset_teen5678,2018-06-24 14:50:37
ConstantComplaining,2018-06-22 18:49:46
ActualMolasses0,2018-06-22 17:37:06
LifelongNoob,2018-06-21 15:01:22
jescuz05,2018-06-18 17:38:48
stvincent1987,2018-06-14 22:23:32
Sjh1986,2018-01-21 18:22:59
Katanator,2018-06-12 20:20:34
Bobcatluv,2018-03-02 16:19:38
KingMundy,2018-06-12 06:48:33
Dewbeedoo,2018-01-31 00:44:42
lab52,2018-06-11 20:25:00
crazycatlady45,2018-06-11 02:53:34
ATAdams18,2018-06-11 00:25:33
rawrrwar2,2018-06-10 22:24:31
CystaCysta,2018-02-16 00:05:18
Ranowa,2018-06-09 22:58:07
freakinmeowtman,2018-06-09 08:08:34
lanehead,2018-05-21 13:10:28
chibicherri1,2018-06-09 02:59:09
MrsWintergreen,2018-05-25 21:05:16
stepstools_are_mybff,2018-06-08 09:54:56
CDJ1217,2018-06-08 05:16:25
ctsneak,2018-06-08 00:57:09
squidthekid123,2018-06-08 00:34:11
Ifartforfun,2018-06-06 21:30:02
electricjewels,2018-01-09 22:45:58
nxnd,2018-06-06 19:28:15
ocdbegone,2018-06-03 21:10:48
MastersNeko,2018-05-06 10:22:55
Genevin,2018-04-21 02:03:52
Anathemachiavellian,2018-06-05 17:27:04
ff4lover,2018-06-05 17:16:53
SeaChemical,2018-04-21 05:33:54
Raphasaurus,2018-01-03 05:40:34
Late_Fines,2018-04-22 14:11:01
brinamack95,2018-06-04 15:07:08
xelihope,2018-06-04 14:42:36
lovely-T,2018-06-04 07:29:43
9tay89,2018-06-04 03:01:20
Nekodani,2018-05-31 01:42:31
liarsandmonsters,2018-04-23 13:27:18
-Misla-,2018-06-02 15:13:21
vermeilLeFaye,2018-06-02 14:10:15
lenbot89,2018-01-03 18:29:17
Caityjane-,2018-06-01 00:45:55
Madler,2018-01-19 13:09:21
spaceekitty,2018-05-27 03:24:20
BepisChik,2018-03-13 10:41:25
thatsmokinbaker,2018-02-13 04:34:09
dairyleigh,2018-03-12 17:23:54
breezeblocks00,2018-05-31 19:24:26
commanderstarcat,2018-05-31 15:22:58
emileegrace321,2018-04-22 19:13:02
kookiekit,2018-05-31 07:52:52
redzrain,2018-05-31 06:59:36
1_2_5,2018-05-30 21:33:09
tesiafy,2018-05-30 02:26:23
litttle_fox,2018-05-20 02:59:08
mad_max_05,2018-05-31 02:32:41
Inkedgirl,2018-05-27 23:28:49
JBROOKETIMETOCHNG,2018-05-30 05:48:38
vonnegutgal,2018-05-30 04:41:17
peacemouse,2018-05-29 22:55:34
kasefacey,2018-05-29 17:41:57
iamtherealsuperstar,2018-05-27 03:37:57
nice_get_it,2018-05-16 18:36:42
PrisonMicDrop,2018-03-23 20:53:59
mdr4242,2018-05-28 19:23:36
Ketogaining,2018-05-27 19:13:44
pigberry,2018-01-18 16:53:13
impracticalwench,2018-05-28 15:20:45
Rah244,2018-05-28 09:06:38
flowerveil,2018-05-28 06:30:47
KaiteL1229,2018-05-09 15:20:52
Im_A_Beach,2018-05-17 04:10:25
krork1,2018-04-21 16:29:51
AceOfGarlicBread,2018-05-28 01:55:54
Lamitamo,2018-01-25 08:54:21
underwatermagpies,2018-05-28 01:15:59
mayfi944,2018-04-27 12:07:02
Elycake,2018-04-13 22:33:28
glenco888,2018-05-27 21:57:37
endowarrior8947282,2018-05-27 14:22:03
plainwhitebags,2018-05-26 21:36:55
Almost_a_mom,2018-05-26 17:48:23
bada_bingo,2018-05-26 17:20:27
KittyCanPaint,2018-05-19 17:43:10
notdestinyschild,2018-05-26 01:13:22
rugrugrug72397,2018-05-25 20:39:43
history_gimp,2018-05-25 19:29:49
chiquita-banana,2018-04-26 18:55:51
livingdeadgirls,2018-05-23 05:37:13
alicemh,2018-04-21 08:04:31
wellfuckreally,2018-05-21 03:25:00
Agrees_withyou,2018-01-11 11:28:39
aussieboganlady,2018-03-16 11:10:27
TrebledHeart,2018-03-17 21:41:50
TraditionalWest,2018-05-25 01:52:24
DauphineOfVenus,2018-05-20 18:04:03
pixiebiitch,2018-01-08 12:20:18
cicadajones,2018-05-24 22:13:12
riverower,2018-05-24 16:24:00
SailorSunBear,2018-05-24 04:29:45
ThraexSonOfAres,2018-05-14 17:51:07
Eggs76,2018-03-21 04:43:19
ledzeppelinfangirl,2018-03-23 22:55:53
HagalUlfr,2018-02-12 22:54:14
AvocadoMadness,2018-05-22 01:03:47
ylimeesor,2018-05-24 00:11:32
Robin1762,2018-05-18 01:54:40
yourfaceismycase,2018-02-14 22:27:31
MuchAardvark,2018-04-24 00:11:06
ankhes,2018-02-27 17:09:54
DimplesMcGraw,2018-05-22 22:22:49
Midnight_Moon29,2018-05-22 18:47:00
AmalieCalana,2018-04-24 14:48:33
Alect0,2018-05-22 12:52:27
PizzaTwinnie,2018-05-15 09:34:09
MadiLeighOhMy,2018-05-20 20:53:01
ta7,2018-05-18 21:34:28
Artwerker,2018-04-24 05:39:29
ashworthy,2018-05-21 07:51:51
GlobalAnubis,2018-03-24 14:11:28
lil_elf,2018-03-17 02:57:24
swankyfrog,2018-05-20 03:41:21
RHA1989,2018-03-13 21:39:06
SkySeaSkySeaaaa,2018-01-19 07:38:51
CorporalCallosum,2018-04-17 23:05:09
k_rh,2018-02-12 19:43:36
kittymctitty,2018-04-26 05:43:46
Bananasplitthediff,2018-04-25 01:29:09
queen_of_spoons,2018-05-18 10:23:04
greeninfo,2018-05-18 21:32:13
there_she_goes_,2018-05-18 18:44:58
handstandmonkey,2018-05-18 05:20:09
mernie3,2018-05-18 13:16:36
bchmcs,2018-05-18 10:14:50
Beneficial_DoTT,2018-05-18 09:46:47
TheLadyEve,2018-05-16 15:25:10
panda1323_,2018-05-16 04:42:58
Stormshaper,2018-05-17 15:37:33
disco_diva,2018-01-02 21:42:18
sarahsjoy,2018-05-17 02:51:16
BitterQuing,2018-04-10 11:51:12
Lucefoose,2018-05-16 21:41:44
makala206,2018-05-16 21:06:10
tollph3,2018-05-15 22:57:44
marlenichen,2018-05-16 08:02:01
kweenaudreyy,2018-03-05 22:05:35
Wahine468,2018-05-16 05:48:58
briarsrose_,2018-05-15 13:55:18
bananakitty_,2018-05-12 05:25:07
jenniferpearson1,2018-05-15 01:37:18
gracewhale,2018-05-14 11:37:37
jadadawnmiller,2018-05-02 14:25:03
AMurmurLeft,2018-05-14 18:48:40
jess2impress,2018-05-10 03:15:56
thepancakefamily,2018-04-26 16:32:40
AliceMerveilles,2018-05-13 02:02:20
Peppertacular,2018-02-11 01:45:45
yellowlemon2211,2018-05-12 11:16:15
jessimmerose,2018-05-12 02:26:23
mayaw1010,2018-03-28 02:32:49
literallymentallyill,2018-05-11 14:41:46
RickyRaunch,2018-06-01 02:12:20
fabitibarty,2018-05-31 19:25:17
Allegorical_ali,2018-05-31 02:54:16
fartemis_foul,2018-05-26 13:16:52
holy-rattlesnakes,2018-05-25 19:04:24
drivewayninja,2018-02-02 02:39:18
mrsloveduck,2018-05-18 13:27:17
ConstantlyPeeing__,2018-05-24 12:10:37
Black_Avi,2018-05-24 03:02:28
The-Turing-Test,2018-05-22 21:58:25
boqqtz,2018-05-21 04:22:36
HopeBlister,2018-05-20 08:27:00
Corgimomma13,2018-03-01 02:23:50
TechalThroatop,2018-05-18 03:26:30
cocolever,2018-05-17 09:14:11
DancerReddit,2018-04-11 06:53:45
kimberlocks,2018-03-03 02:11:10
divineintervention17,2018-05-14 14:58:18
emiliaemilio,2018-05-08 12:41:57
MotherOfNiko,2018-05-11 22:55:00
isitrealthing,2018-05-11 06:46:33
Mystere_,2018-05-11 01:58:06
iluve,2018-05-09 20:50:14
Summerys,2018-05-09 07:15:30
jacoboxsi,2018-05-07 21:58:22
megandharma,2018-05-07 18:01:47
ilianasilva15,2018-05-07 15:15:01
jarofjewels,2018-04-08 23:26:54
jxanna,2018-04-30 10:51:39
seranina,2018-05-06 04:55:07
Goofnuggett,2018-05-05 04:42:10
wiseauharding,2018-05-05 01:48:32
HarukoBass,2018-05-04 18:16:38
ignorancecanhurt,2018-04-13 23:15:04
idksomethinclever,2018-05-03 20:01:23
markperry15,2018-05-03 07:29:53
moonie987,2018-05-02 22:44:38
robotic-residue,2018-05-02 19:27:46
Speech_Less,2018-05-01 22:31:54
Dodapdado,2018-04-30 12:52:14
sarahzilla,2018-05-01 23:52:25
gimmepavlova,2018-03-24 21:28:37
phreakinprecious,2018-04-30 16:00:27
Szyz,2018-01-02 22:03:10
fairy_morgaine,2018-04-25 16:06:16
Spellbender,2018-04-30 20:10:03
DriftingInTheDarknes,2018-05-01 00:56:49
das157,2018-05-01 14:45:41
Shaked_N_Baked,2018-04-29 18:16:19
moosegaggles,2018-05-01 10:58:16
zerosamus,2018-05-01 00:57:59
LadyCasanova,2018-01-26 06:36:44
Uhhububb,2018-02-23 00:00:27
LadyBugOut,2018-02-12 22:59:27
trishdmcnish,2018-04-30 13:06:47
hebaliz,2018-02-08 08:47:52
mindfulminx,2018-04-29 20:46:49
Pickle-stinker,2018-04-29 19:02:10
doushitekimi,2018-04-04 21:59:17
spookyANDhungry,2018-04-28 01:32:33
huff_le_puff0107,2018-04-27 11:22:49
master-cunt,2018-04-27 06:19:47
trebleKat,2018-04-27 05:38:28
theonusta,2018-01-18 05:07:04
KnittedOwl,2018-04-27 03:45:50
sluggothesloth,2018-04-27 00:39:05
cgalls5,2018-03-28 01:07:06
Remydog,2018-04-26 16:59:37
Irishsassenach,2018-02-11 06:53:41
Marrs,2018-03-24 23:43:11
tofuwitch,2018-04-25 18:08:39
AllTheCheesecake,2018-04-25 16:49:09
Dilemma604,2018-04-18 23:51:49
thelightsandbuzz,2018-02-15 01:55:25
chronicallybrandy,2018-04-16 02:38:29
lionheartedtouka,2018-04-24 23:40:12
emmmmm93,2018-04-21 17:00:03
LawrenceCatNeedsHelp,2018-03-06 10:26:20
suttree__,2018-04-17 02:56:27
jcandre21,2018-04-07 01:08:24
lucylyn6765,2018-03-31 16:38:18
keluvsorangesoda,2018-04-23 21:32:12
sleepy-green-eyes,2018-03-12 20:06:41
ClassicFilmDame,2018-04-18 08:03:38
dip-it-in-shit,2018-04-23 07:19:21
pixar-bound,2018-01-16 23:11:40
brownie_mix,2018-04-23 05:37:23
onedayatatime1034,2018-04-23 03:01:35
sdpthrowaway33,2018-04-22 22:29:48
afiregender,2018-04-22 23:48:26
Captain_Diego,2018-02-08 02:45:59
jessikat1624,2018-01-24 01:16:04
ruthless87,2018-01-10 21:49:39
HopeTheThing,2018-03-28 07:30:28
PurpleAriadne,2018-04-21 23:02:05
PoshCrusty,2018-04-21 22:45:25
KeytKatysha,2018-04-21 10:09:27
wannlee,2018-01-06 08:14:46
lizajew,2018-02-15 15:26:59
charlieelizabeth13,2018-04-21 11:01:09
boxesofrocks,2018-04-21 04:42:29
foundthetallesttree,2018-04-21 02:42:59
kittensrcoool,2018-04-20 21:27:00
handysalad,2018-04-20 19:40:55
jugglebub,2018-03-15 22:11:28
tashybird,2018-03-20 11:54:57
valstrm,2018-04-20 09:21:21
Chastity_4_u,2018-04-19 21:09:08
potterfosheezy,2018-01-23 22:43:57
cocome0w,2018-04-17 19:58:22
eaterofworlds1,2018-02-05 22:08:40
TheFucke5tUppe5t,2018-04-19 11:45:01
kmdash,2018-04-15 00:50:31
LivieLaRocha,2018-03-10 12:04:57
future-florist,2018-04-18 23:13:47
oceloted2,2018-04-19 06:42:12
roosterkitten,2018-04-19 03:26:51
Flamesforge,2018-04-18 22:24:11
boldsuggestion,2018-04-18 02:31:49
chambea,2018-04-18 23:30:00
FemmeFatale410,2018-04-18 15:30:53
roxannearcia,2018-04-18 23:13:17
bananamuffins42,2018-04-18 22:05:41
zingingcutie69,2018-04-18 18:22:34
thazelb,2018-04-18 09:08:44
knickedcuntpants,2018-02-18 19:01:43
Doug_Judy-PB,2018-04-04 20:46:56
Berenice_dolls,2018-03-28 17:22:11
desertedlacuna,2018-04-17 12:08:18
MsTiaLily,2018-04-17 04:20:54
Apotatoinbrooklyn,2018-02-15 18:48:45
Feminist_Af,2018-01-22 05:42:51
missmissymist,2018-04-14 22:58:30
uglysweaterparty,2018-04-16 17:02:01
GoodBot_BadBot,2018-04-16 11:09:41
glitch234id,2018-04-16 10:50:19
TacoMami,2018-05-01 16:30:09
richardray15,2018-04-30 09:32:25
firmhospital133,2018-04-28 05:48:36
enrichmentonly,2018-04-25 23:05:28
holidaybymistake91,2018-04-25 14:20:14
SexWasGreat,2018-04-23 21:40:35
t_hrowmeaway,2018-04-22 22:42:47
Crrjk1,2018-04-22 12:43:45
endomylifeo,2018-04-18 04:28:49
mickkc,2018-04-17 03:57:18
glassf0x,2018-02-07 09:38:10
MollyElla511,2018-04-15 21:02:43
ihave30teeth,2018-04-15 14:47:06
hellaghettokidz,2018-02-25 16:25:26
DarksunSpeaks,2018-04-13 16:23:26
kajalama234,2018-04-12 17:05:21
Justeatingless,2018-03-18 20:28:42
Imnotavirus,2018-04-11 19:24:50
Hysterthrowaway,2018-04-10 03:21:59
brambleroses,2018-04-08 21:54:25
nowmang,2018-04-08 03:38:57
Dino_arms,2018-04-07 01:39:02
LittlePorcelainBlueX,2018-02-13 21:56:23
wakefuldreamer,2018-04-06 14:04:32
lifehasloveliness,2018-04-06 01:08:49
jennakk9,2018-04-05 01:34:41
itsjustmyface_rbf,2018-04-04 02:30:55
jaimeannnicole,2018-02-01 21:06:33
OverallDisaster,2018-04-02 20:57:28
FoxMauldHer,2018-04-01 05:15:15
_All_Bi_Myself_,2018-02-28 04:20:13
RoastBeefy24,2018-04-01 13:04:55
kashmerekoor,2018-03-30 20:41:47
cheese_crisps,2018-03-24 21:35:32
KittyKatmomof6,2018-03-31 16:02:42
cso94,2018-03-24 01:11:52
lightswornmomma,2018-02-08 22:50:39
nwbruce,2018-02-25 03:30:43
manateens,2018-02-18 22:31:39
Endohatesme,2018-02-28 19:28:58
Where_aretheturtles,2018-03-02 17:03:19
curedbyflowers,2018-01-11 22:52:50
SendBumPics,2018-03-29 16:33:54
Oryx_xyrO,2018-03-30 04:04:27
KissMyCrazyAzz,2018-03-07 17:26:21
geauxawaysibo,2018-03-28 00:20:26
gimmepuppies,2018-03-29 06:03:07
bikefan83,2018-03-29 05:28:52
josieposie403,2018-02-27 04:11:09
flappybirdie,2018-03-01 12:53:13
norainnoflowers,2018-03-27 15:17:35
lyricalmasterflash,2018-03-26 20:48:59
Faithhopelove86,2018-03-24 19:53:51
MadameMayhem867,2018-03-26 21:15:12
Babe_with_the_power,2018-03-26 21:12:00
riaamartino,2018-03-26 11:11:33
bunnymoon00,2018-03-26 08:59:46
MsLovelace,2018-01-14 19:34:59
keiko1104,2018-02-27 14:07:06
Astilaroth,2018-03-23 05:56:31
OrangeBiologist,2018-03-23 21:07:56
nicoleelicon,2018-01-28 05:29:29
BUT_FIRST_COVFEFE,2018-03-24 02:53:08
Jenna-Talls,2018-03-24 01:35:02
aloysius44,2018-02-15 19:45:11
yawninglemur,2018-03-23 20:26:33
throwawaythangoaway,2018-03-22 16:55:42
peakaCHOO_CHOO,2018-03-23 00:44:36
mild_party_time,2018-02-14 05:29:36
salinas_nerd,2018-03-22 00:09:15
ans731,2018-03-22 21:07:23
BeOak,2018-03-20 15:10:47
allmadhere2,2018-01-21 22:31:08
ShtIForgotAgain,2018-03-22 02:33:45
BossesWife,2018-03-22 16:10:29
RenardRoux13,2018-03-21 23:01:01
elemenopeacue,2018-02-15 16:54:27
zirfu,2018-03-20 16:14:22
spottedtube,2018-03-20 15:47:21
vanillamousex7,2018-03-15 15:23:39
eandj5516,2018-03-19 01:33:43
Ann_Fetamine,2018-02-25 21:40:21
the2ndbreakfast,2018-03-18 13:31:22
singularpotato,2018-03-18 04:14:57
fromhils,2018-03-18 04:51:44
Shelly118,2018-02-14 14:42:37
nightkite,2018-03-18 03:22:35
perfectra,2018-02-14 10:26:13
rxrock,2018-02-13 23:48:56
uterus_probz,2018-03-16 04:17:14
idnhagf,2018-03-07 02:52:06
purple5479,2018-02-25 05:42:07
SquirrelgirlCatlady,2018-03-14 03:30:06
Bozo_The_Pope,2018-03-14 02:08:43
XscreaminggummybearX,2018-03-14 16:17:52
End0theW0rld,2018-03-09 09:06:22
handsome-yak,2018-03-14 02:03:20
FreakinAmazon,2018-02-10 16:33:22
SquirrelsforScience,2018-03-13 19:31:23
yasdonutkween,2018-01-06 17:28:43
alenah,2018-03-11 12:16:26
maryqos,2018-03-13 12:53:18
CoffeeTID,2018-03-12 03:47:38
EndoSense,2018-01-12 07:32:06
rachiedoubt,2018-03-13 06:05:49
dreamqueenx,2018-01-21 04:04:50
1997elena,2018-01-26 20:24:30
Immaculate_Irony,2018-02-17 15:45:26
cerena92,2018-04-01 01:31:51
mooblets,2018-01-13 19:30:34
RuthJoiner,2018-03-27 10:56:40
__kenzie__,2018-03-23 20:28:32
EllenCScott,2018-03-22 12:17:01
cmt_2968,2018-03-18 22:12:30
bec10,2018-03-17 23:47:52
misskaybear,2018-03-17 21:58:22
ConstructingdaCoffm1,2018-03-16 00:12:33
day_walkers,2018-03-11 04:10:48
ethanography,2018-03-07 17:02:53
LadyMirkwood,2018-01-30 12:15:59
battleberd,2018-03-07 22:26:54
Badhandbag,2018-03-07 20:02:51
A_Future_CatLady,2018-03-06 21:41:51
BallPointPariah,2018-03-06 07:58:38
mick602,2018-03-05 18:41:21
emmasroberts97,2018-02-14 08:06:07
fweilatan,2018-01-28 13:03:49
Zrappz,2018-03-02 18:52:41
ancestrybuff,2018-02-27 15:50:54
charminultra23,2018-02-13 19:07:45
hotelbedspread,2018-03-01 14:25:30
ElenaMP85,2018-02-20 17:15:27
LadyDisdain,2018-02-28 05:26:42
izzlebr,2018-01-26 22:22:09
pulchritudinousmoi,2018-02-27 21:47:19
TheHolyPuck,2018-02-27 20:01:17
marmeebae,2018-02-26 17:12:35
MysteriousBrush,2018-02-27 16:47:16
Mightyp3tit3,2018-02-18 14:50:27
Phal_lison,2018-02-27 04:29:31
ilikecakemor,2018-01-10 10:04:11
spaide333,2018-01-19 01:27:35
Willowwinchester,2018-02-26 11:00:11
kayla_xoxo_,2018-02-25 22:33:00
fl0recere,2018-02-26 04:43:27
stonereckless,2018-01-24 02:28:50
angelikalaser,2018-02-25 15:20:00
derpy_deerhound,2018-02-25 20:15:38
2CentGrin,2018-02-25 02:46:29
w1lt1nglav3nd3r,2018-02-24 05:26:23
throwaway2674652,2018-02-25 09:25:19
ImawakeIbelieve,2018-02-24 19:27:34
SuccessfulActivity,2018-02-25 06:04:09
xgabs,2018-01-21 05:43:32
angelsavestheday,2018-02-15 02:10:23
omegaphora,2018-02-24 19:18:52
kevo0088,2018-01-18 02:19:51
nubeviajera,2018-02-24 16:28:25
skorpchick,2018-02-24 13:40:52
AndTwoYears,2018-02-24 00:05:08
tayrannosaurusrex,2018-02-22 13:27:04
miluti,2018-02-23 14:01:31
dank_mac,2018-02-04 08:38:22
threaway2day1,2018-01-19 22:12:03
thattallchick15,2018-02-17 04:40:27
hardnips4life,2018-02-22 11:58:34
vikingsrulethewaves,2018-02-22 10:51:49
anthologyflower,2018-02-11 21:27:05
thisuserisnotahuman,2018-02-20 13:14:01
ThisCatMightCheerYou,2018-02-08 21:38:11
demikaz,2018-02-20 02:00:47
0neir0,2018-02-19 22:41:58
DrFoxboro,2018-02-19 01:44:12
PearlChains48,2018-02-18 22:37:44
ConCaffeinate,2018-02-18 03:53:12
HelperBot_,2018-02-18 16:27:27
packet_llama,2018-02-18 16:27:22
PaperHatPrincess,2018-02-18 15:09:28
Mordrimbor,2018-02-18 13:37:58
janamichelleys,2018-02-17 16:39:44
ARandomStringOfWords,2018-02-16 10:52:47
nomnompepitas,2018-02-18 04:09:54
anidexlu,2018-01-25 03:49:26
alxzck,2018-02-16 17:44:14
amschott81,2018-02-15 23:22:25
Cool_cats_on_top,2018-01-26 08:02:12
DnldJTrmp,2018-02-16 04:33:21
Tilted_World,2018-02-16 02:26:08
TheJester4,2018-02-15 01:48:15
ATRDL,2018-02-15 10:55:14
angryendo,2018-02-15 09:40:59
elj415,2018-02-15 06:09:08
chipsnsalsa13,2018-02-15 01:13:51
_ser_kay_,2018-01-12 05:16:02
Puppywanton,2018-02-09 13:50:54
raissa02,2018-02-13 13:08:53
beeevvvyyy,2018-02-13 06:14:02
CountingMySpoons,2018-02-12 21:47:53
jae_bea,2018-02-12 02:05:14
ketwenty,2018-01-10 10:08:27
somereallygoodname,2018-02-12 04:49:01
Ravenclaw38,2018-01-18 18:04:29
Poodle3Doodle,2018-02-10 17:43:40
knotcandy,2018-01-27 03:09:40
thelastalliance,2018-02-11 05:54:10
sparklyoctopus,2018-01-20 11:31:50
cheeseflowers,2018-02-10 16:48:57
throwawaymay01,2018-02-09 21:48:13
Gehci,2018-02-26 20:14:01
lipthicc,2018-02-24 07:18:21
katemous,2018-02-18 23:44:08
salutdamour,2018-02-14 22:07:38
himawari_sunshine,2018-02-11 00:14:05
theeverydayingenue,2018-01-08 11:23:46
mocaro,2018-02-07 23:43:35
Elephantinhand,2018-02-07 18:31:19
clevergrillz,2018-02-04 22:13:51
pumpkinpuppet,2018-02-04 12:26:00
griffrh,2018-02-02 20:44:55
Danipantaloons,2018-01-18 05:23:42
Lithiumlaced,2018-02-02 20:26:59
pooplock,2018-02-02 12:10:19
phosphenes___,2018-01-22 01:36:14
comatum,2018-01-29 02:23:09
PiratedPizza,2018-01-28 20:18:01
takotaco,2018-01-31 01:26:04
sempre709,2018-01-29 21:59:41
hrljra,2018-01-29 08:58:04
VieilleSacoche,2018-01-27 22:09:26
Varathane,2018-01-05 23:14:28
kunsthistorisches,2018-01-28 23:41:02
FlissShields,2018-01-23 02:29:10
alisou21,2018-01-13 13:42:20
mightyoakgrow,2018-01-28 06:08:21
tarawalshcayce,2018-01-28 02:45:28
Wyvernna,2018-01-26 19:39:34
slanttt,2018-01-27 05:48:44
sleepingarmy,2018-01-27 05:04:39
feyar,2018-01-10 21:22:28
ihaveafriendinmyhair,2018-01-27 03:07:46
lorazcyk,2018-01-26 13:30:13
thinkofa20letterword,2018-01-26 19:49:39
RealGoldVHS,2018-01-25 19:32:07
RhaiBread,2018-01-17 01:37:15
ancientpsychicpug,2018-01-26 15:38:10
lushinthekitchen,2018-01-26 04:45:57
ap9037,2018-01-23 16:21:44
Ktyf6,2018-01-10 06:05:17
revolutionof,2018-01-24 23:54:12
sstumbles,2018-01-24 05:49:31
twigbtch,2018-01-23 21:46:34
Spoonie1945,2018-01-23 00:16:30
fascinatedobserver,2018-01-23 19:16:45
lovelightdance,2018-01-22 09:07:22
Adivineebony,2018-01-22 02:21:53
lovele55,2018-01-22 01:43:27
SparrowAshes90,2018-01-21 22:20:42
divorced_sucker2013,2018-01-21 01:20:02
quack-grass,2018-01-20 05:33:17
makingmagicz,2018-01-21 04:32:46
RCF124,2018-01-09 23:42:27
Crazovervp,2018-01-19 17:41:53
Pizzacatoct1,2018-01-19 03:16:56
lakeshimmy2112,2018-01-18 18:44:39
simplyalifestyle,2018-01-14 17:42:30
LuneMalade,2018-01-18 09:34:00
fecundissimus,2018-01-18 14:16:05
ProLipton,2018-01-18 00:54:34
LiamCharlie,2018-01-18 02:37:14
20020791,2018-01-18 01:47:03
stephaniepotato,2018-01-09 20:46:46
specialPNE,2018-01-03 11:15:04
thirtysum,2018-01-16 21:11:39
miss_ire,2018-01-15 15:35:49
Tinkeringtink,2018-01-14 19:29:59
greenthot,2018-01-14 15:15:02
notagainoh,2018-01-13 02:44:41
meatfingersofjustice,2018-01-14 10:04:35
camidumas,2018-01-14 02:46:50
ba-boo420,2018-01-14 01:29:14
KalamityKate,2018-01-04 20:11:24
Swiftrebeline,2018-01-11 18:32:53
amyft123,2018-01-12 09:49:28
allthegeekery,2018-01-04 00:05:14
dontlookfortheredrue,2018-01-12 22:24:00
lifelongintent,2018-01-12 01:16:47
glowingsungoddess,2018-02-02 16:35:51
notmuchtotalkabout,2018-01-31 08:40:10
idlemoss,2018-01-29 00:18:26
fire-escape,2018-01-22 13:38:13
jzahlit27,2018-01-17 01:55:07
unicorncatdragon,2018-01-12 00:37:09
dizzichu,2018-01-10 06:32:51
voreyfunny,2018-01-08 15:12:49
pickles_and_donuts,2018-01-05 01:46:07
big_poops,2018-01-05 01:39:43
andi_scout,2018-01-04 13:56:15
charlie-is-a-girl,2018-01-03 23:27:52
jmfhokie,2018-01-03 21:31:28
tofuthecat,2018-01-03 18:41:34
princessmika91,2018-01-03 06:20:53
astriddegaste,2018-10-31 11:32:11
Starshine321,2018-10-17 21:50:39
Lardass01,2018-10-17 09:22:00
alicemc1,2018-10-09 09:09:56
serendipped,2018-10-10 12:59:05
random_starburst,2018-10-10 00:01:27
_biker_chick_,2018-09-15 16:09:48
F0MA,2018-03-08 05:36:36
drunk-snail,2018-08-15 01:49:53
andromeda335,2018-08-01 05:12:03
Natieya,2018-08-15 12:18:15
catfishbarbels,2018-04-02 12:05:53
LittleBumbleBeeGirl,2018-08-12 00:15:10
FattyGandalf,2018-05-18 23:50:05
PrettyCoastalPeach,2018-08-01 02:54:32
SoberSlap,2018-01-13 22:26:28
Cooperblah4,2018-08-06 02:03:16
madeofstarlight,2018-08-01 02:36:00
motherofdogs_,2018-07-18 00:24:13
erin0526,2018-07-17 23:28:07
Littlupe,2018-07-19 21:48:47
Outsider-insider,2018-07-11 11:08:26
kadiatou224,2018-07-10 15:53:48
bkogut81,2018-07-05 16:31:05
TheFairyBluebird,2018-07-04 10:35:09
Lissab4,2018-05-23 02:53:51
tubbornsun,2018-06-16 02:13:03
catdogflower,2018-05-31 08:56:56
MaggieEh,2018-05-02 10:15:27
psykhe777,2018-05-28 04:00:27
narwhal341,2018-05-24 05:11:55
snoopyie,2018-05-23 03:32:06
prettihjjjj,2018-05-23 01:45:49
Elektrogal,2018-01-06 02:16:12
Ahlberge,2018-05-17 03:00:23
dreamersdisplay,2018-04-02 11:51:23
wedditer,2018-05-17 04:55:10
miziy,2018-05-02 03:33:28
sunnysombobffdd0,2018-05-31 08:47:24
Willingon,2018-05-29 01:58:24
Annye_95,2018-05-28 14:59:28
qalYouLady,2018-05-17 06:01:59
maliare,2018-05-15 11:35:26
KinkyJem,2018-05-02 17:04:28
marioar,2018-04-19 02:59:00
welaide,2018-04-12 03:00:42
chiakichan,2018-01-08 00:52:24
bossalarm23,2018-03-29 02:28:27
amymdo,2018-04-12 01:45:04
joyicew,2018-04-02 10:23:10
Linfinity8,2018-04-19 19:14:55
jiavayong,2018-04-08 03:29:18
Cecilia89e,2018-04-03 08:04:18
ejly,2018-03-15 00:24:47
sarahang,2018-03-28 10:10:39
fibroidscure,2018-01-15 08:21:30
Katula1028,2018-11-02 10:33:33
loopner17,2018-03-12 19:03:30
enimicmic,2018-09-07 15:28:22
shootingstar2,2018-11-02 17:55:18
burnteggsandham,2018-11-02 04:20:10
piscesprincess99,2018-11-01 18:31:01
ThrowAwayYerTrash,2018-10-31 07:18:43
lolipopfailure,2018-09-01 11:17:59
RAhul20207838279,2018-10-15 21:51:12
HobnobA,2018-09-23 17:14:51
eyecontactishard,2018-07-19 19:01:07
oflandandsea,2018-11-02 04:00:00
amandsterdam,2018-08-31 02:45:41
8dreamtowns,2018-03-08 01:22:58
kitsmaug,2018-10-19 17:48:09
blue_embrella,2018-09-05 23:32:36
_isowolf,2018-11-02 02:05:52
SuicidalClownShoes,2018-09-28 02:17:33
melodramaticbee,2018-10-14 06:37:13
grainnefahy,2018-10-08 20:20:18
ShmantaCat,2018-01-08 03:27:48
moby_9ish,2018-11-01 20:28:22
mariblanco,2018-11-01 19:53:09
sketchybentoandchill,2018-11-01 19:45:10
princess_cfo,2018-02-01 02:13:55
Fundermomma,2018-10-21 23:20:44
FrenchPressCoffee17,2018-10-31 21:32:22
avacathough,2018-11-01 13:54:22
gracedwithQuestions,2018-10-29 00:26:18
mooseyyy,2018-09-17 17:05:21
minminkitten,2018-09-16 03:35:31
sluggardish,2018-10-30 10:42:56
laracruzcroft,2018-11-01 06:08:32
lostinsaga,2018-11-01 04:56:15
unicornsuzi,2018-10-17 00:41:18
Hjameson3,2018-08-27 03:47:54
WhiteBitchWonder,2018-11-01 01:32:51
Astefers,2018-10-31 11:05:21
akc18,2018-10-31 21:37:30
B0tRank,2018-09-27 14:47:02
fiveoneandahalf,2018-10-30 22:43:42
cecyys,2018-10-03 11:45:19
Jellopuppy,2018-10-31 10:36:05
plantboobs,2018-08-05 16:36:46
Teegz1,2018-10-30 01:14:05
SapphireSkiesS,2018-10-31 05:04:49
emsterrr,2018-05-25 20:04:44
taytay0910,2018-10-28 19:44:11
K8iscool,2018-04-01 02:32:28
LegallyTexan,2018-10-24 00:15:37
muabbigator,2018-09-09 20:41:43
amanthaaaa,2018-10-31 00:51:00
meghanlevy,2018-10-31 00:04:09
solarspliff,2018-01-30 23:19:07
m8kup,2018-10-26 08:36:12
chibimermaid6,2018-07-10 03:38:00
uberrapidash,2018-10-29 21:12:59
eletsi,2018-10-29 22:40:06
Luecleste,2018-08-12 17:36:32
Flamingonotgone,2018-07-22 21:34:09
KikuKiko,2018-10-30 05:22:57
Tbaby0312,2018-09-27 00:57:46
surefire13,2018-10-30 02:19:13
justgirlypasta,2018-09-10 02:25:18
tcwilliamstx,2018-10-30 01:31:51
maddymj,2018-07-28 04:00:08
coastthego,2018-07-31 00:31:26
imguralbumbot,2018-10-29 20:44:07
sonnenshine,2018-08-11 21:02:38
mbdh,2018-09-20 15:55:08
nika8992,2018-04-17 23:24:59
alwayssomething0306,2018-10-27 16:39:04
Dopesauce9182,2018-10-20 23:50:41
AP_G,2018-04-26 11:13:18
Realistic_Pass,2018-10-27 23:30:01
suicidalmoth,2018-07-11 04:44:28
trexmafia,2018-10-27 17:50:03
ifnotforv,2018-08-18 00:59:56
Quinnsation,2018-10-27 08:08:02
HeadstrongApothecary,2018-10-27 07:56:24
cai-,2018-10-25 04:20:01
Ellemenohpe02,2018-10-26 21:28:26
WalkingArmory,2018-10-15 19:45:42
geeksshallinherit,2018-10-17 08:25:25
nacho_bitch_,2018-10-15 15:53:18
anotherfckinusername,2018-10-26 05:32:35
Kikipipi,2018-01-13 04:55:44
Notjustapornacct,2018-09-17 14:03:03
frankenankle95,2018-09-25 01:03:28
abeautifulplace214,2018-08-08 07:10:41
AliceRosewater,2018-09-25 01:07:19
jennluvsp1nk,2018-02-07 04:11:02
entropykat,2018-10-17 02:23:30
sssoupsnakesss,2018-10-25 21:45:17
Zlilly816,2018-01-14 15:56:41
jandhlove,2018-10-19 15:52:03
PitMom02,2018-09-10 16:32:17
DontDrinkChunkyMilk,2018-02-20 21:03:31
StefiKittie,2018-02-27 14:28:51
kittykatblaque,2018-10-24 22:22:26
potatoinlove,2018-09-16 04:06:33
jamesava0,2018-10-25 05:32:28
sknechtel,2018-04-12 04:06:46
emalinde,2018-10-24 23:15:17
Flickthebean87,2018-09-11 18:10:13
felisha_jarrell,2018-10-24 21:32:16
SaiyanprincessDee,2018-10-24 21:43:56
jennalynn0920,2018-09-19 04:00:45
mildewie,2018-10-02 02:32:18
jessluise,2018-10-24 05:25:14
thebookofjennasis,2018-10-24 20:05:04
Jeffiner30,2018-09-24 13:05:32
r2j2,2018-10-23 21:12:48
elegantmanatee,2018-10-24 07:36:15
writerchic,2018-10-23 00:02:11
vannah_banana,2018-09-11 18:36:06
rfp0231,2018-10-23 16:51:33
reddituseurname,2018-10-21 14:04:59
Beasticorn,2018-10-22 21:25:25
oblonglongjohns,2018-04-17 05:11:51
hanmhanm,2018-10-18 03:35:01
ExecViceChiefDir,2018-10-23 03:03:13
cfuzz43,2018-09-06 02:45:53
gogo__yubari,2018-08-13 16:18:42
Memesarekeeng89,2018-10-22 17:30:56
spookie33,2018-10-21 14:50:21
oohoolucy,2018-10-22 03:35:32
KirscheBomb,2018-10-22 03:02:40
DaniK094,2018-01-20 13:22:40
mcrosby30,2018-10-15 19:09:43
AutumnAK,2018-08-14 03:29:10
Cosplaybaby29,2018-04-05 03:54:37
ArcticFoxx21,2018-09-30 22:32:03
feelingmighty,2018-10-19 21:00:03
Stonedstar,2018-08-13 18:17:05
essellkay,2018-10-20 14:42:40
mklula,2018-03-29 15:03:24
snow-goddess,2018-01-05 04:38:56
lisbethplus2,2018-06-09 20:21:52
Trash_queen16,2018-10-20 02:34:57
Freckled_Kat,2018-08-25 21:14:53
endoacct,2018-10-19 03:47:38
badlilcowgirl10,2018-10-19 18:35:29
IWishIWasAStark,2018-10-19 17:24:23
kirrilyteya,2018-10-19 10:37:55
VooodooPickle,2018-10-15 18:33:37
lilyflower32,2018-02-07 05:40:08
friendofp13,2018-09-01 02:16:38
capresesalad1985,2018-08-31 22:24:04
eddycaa,2018-09-09 05:23:37
cassowarybrain,2018-08-30 19:09:25
olivejuice11,2018-10-18 16:25:52
MrsCook2019,2018-09-10 23:00:46
lawschoolesbian,2018-10-18 15:38:14
nit_wit,2018-10-18 13:12:09
keefe1114,2018-03-11 02:11:12
_breezy_,2018-04-29 02:20:23
KittyBoo86,2018-10-18 09:15:36
AmyLouiseLOL,2018-10-18 08:44:28
christaang,2018-10-18 08:31:48
stephj,2018-07-10 07:05:21
amberrn,2018-08-14 10:42:18
shubydoopdoo,2018-10-17 03:27:55
Bruceygoosey23,2018-10-17 13:33:58
Satidu,2018-10-16 09:02:14
thekategatsby161,2018-06-21 09:05:28
picklepie120,2018-10-12 05:12:21
__sugarbunny__,2018-10-15 18:26:58
emsanderss,2018-06-17 14:14:19
lamadhatter23,2018-07-04 06:26:26
MontanaLamehack,2018-06-21 07:14:17
cruzanmutt,2018-03-01 14:32:11
hds1230,2018-10-16 00:10:35
vikingqueen111,2018-10-12 05:57:29
bunnysbee,2018-10-14 21:47:57
anonymity_anonymous,2018-10-15 22:51:07
Endobean15,2018-10-15 17:57:56
catladycouture,2018-10-15 17:53:48
mikaymarie,2018-10-15 20:09:38
Millafurtado,2018-10-15 15:12:45
Mallamorie,2018-10-15 18:06:35
endmyendo,2018-10-14 18:27:43
ikindofhateyou,2018-03-31 03:50:13
premier-cat-arena,2018-06-26 02:22:08
thelearningsoul,2018-11-02 00:23:10
sorryikeepfarting,2018-11-01 02:29:58
emmawastelandguard,2018-10-30 23:48:59
dr_sachin,2018-10-30 11:07:31
doodlesdo,2018-10-30 01:45:59
tallulahskyes,2018-10-13 17:50:33
blawler4,2018-10-29 14:04:49
suburbantoast,2018-10-26 02:35:40
morganaelizabeth,2018-02-22 16:48:46
hippiewanderlust,2018-10-24 03:44:32
MassiveCapybara,2018-10-23 08:28:19
knseixas,2018-03-07 01:16:32
sxckmytitty,2018-10-20 04:54:44
GuineaPigJuice,2018-10-20 03:29:58
starrgirrl,2018-10-19 20:38:09
TheSociologicalMail,2018-10-19 10:00:57
foxisilver,2018-09-20 13:13:09
Daeneryus,2018-10-18 00:42:43
hcllsbells,2018-08-02 12:15:50
Rosiechick,2018-10-14 02:08:48
MemeShaman,2018-01-31 12:35:49
pizzainyomouth,2018-10-13 06:36:45
DemiGoddess001,2018-10-13 01:50:58
domsbigASS,2018-07-05 19:24:02
Thisismyfirstname2,2018-10-11 20:46:17
carmsabitch,2018-06-11 04:43:39
liltuuna,2018-10-11 00:56:00
paigealguire,2018-09-27 14:46:15
snootysnout49,2018-09-07 03:58:52
Staceybunnie,2018-08-20 23:01:37
iceninekillerz,2018-10-09 05:01:15
SweetTea1621,2018-10-08 23:38:06
Eva_Kush,2018-10-08 19:47:38
R0__z,2018-08-25 02:12:28
djenuch,2018-10-08 16:32:54
LordFry-sLady,2018-10-07 10:28:14
poopiedoopiedoopie,2018-10-07 04:47:37
SerendipityStripper,2018-10-06 09:02:17
kilmarnock123,2018-10-04 18:48:21
vld916,2018-10-05 08:03:59
-Flossie-,2018-10-05 04:50:22
kolgaro47,2018-10-04 15:42:02
travelers-unite,2018-10-03 21:16:48
glitterkillaa,2018-10-03 18:50:17
bnuny,2018-10-03 07:46:16
Mallorcavon,2018-10-03 01:43:40
Megsdanne,2018-10-02 12:16:29
Edwardsalex1,2018-08-29 03:54:09
ninajordan12,2018-09-20 15:38:48
Addicted21ove,2018-06-10 05:54:22
UpAllNightWorkAllDay,2018-10-02 01:12:18
twotimestacotuesdays,2018-10-02 01:05:42
killerovaries,2018-10-01 19:47:26
Fakress,2018-10-01 19:09:00
Dogslikeyeah,2018-08-20 01:10:32
Yardie21,2018-10-01 16:08:55
anCh3,2018-09-29 12:43:53
220forlife,2018-10-01 09:34:41
punkie-the-pixie,2018-06-20 07:09:36
shadowmuseum,2018-10-01 03:43:36
WeavingBernard,2018-10-01 03:53:41
TamHawke,2018-09-30 19:54:06
tatelita4u,2018-09-15 18:49:23
LazySugarCane,2018-06-29 16:49:13
aemeliymm,2018-09-30 08:44:29
bunnithefox,2018-07-13 01:31:36
Mrshaydee,2018-01-30 06:21:39
ToC-Splash,2018-01-10 14:49:28
OCDelicious,2018-09-25 00:55:00
buti_babe06,2018-09-28 02:39:41
beachrose55,2018-09-28 01:32:40
Midwestmamax2,2018-09-27 13:11:21
noreen_catgirl,2018-01-07 02:51:45
conniechameleon,2018-09-27 04:54:10
asojad,2018-09-27 05:14:45
dilisa,2018-09-03 20:45:12
ClassicSleuth,2018-09-26 23:43:59
need_more_mojo,2018-08-22 17:52:10
eventuallystardust,2018-09-25 20:40:55
ohitsfran,2018-09-25 20:21:03
curlin7,2018-09-25 18:58:49
alishajanet82,2018-09-25 12:30:12
BraveheartsSunshine,2018-09-10 17:26:34
Scoolson,2018-09-14 19:24:53
Shipwrecked_help,2018-09-24 21:16:41
fiyahmama,2018-09-25 01:03:15
wineisasalad,2018-09-17 11:14:10
nycoletti,2018-09-24 04:09:11
socoamarettolime90,2018-08-10 04:06:51
cosmicmillennial,2018-09-23 18:57:04
kanslen,2018-05-22 19:22:10
IntenseScrolling,2018-09-23 08:15:55
josh1brasso,2018-09-23 07:05:22
chronicallyillsyl,2018-09-23 07:02:25
WingardiumLeviYoAss,2018-09-12 04:47:02
allyson116,2018-09-23 01:01:12
sah0048,2018-09-22 12:43:42
leftoversnacks,2018-09-22 12:40:05
missem1137,2018-07-12 02:08:08
guccytaco,2018-09-19 03:11:04
MothsTerrifyMe,2018-09-09 20:04:40
jnic141,2018-09-21 17:09:54
KB6502,2018-09-21 17:38:13
starpotato69,2018-09-17 01:59:27
MrsMcPenguin,2018-01-21 07:15:47
hollyyytr,2018-09-09 22:30:00
One_Bright_Light,2018-08-09 04:35:26
Cobrex,2018-09-20 06:18:55
bnicbond,2018-09-20 19:04:37
UniLife22,2018-09-17 01:20:15
DarthPandaSocks,2018-03-06 04:09:49
Nutella_98,2018-09-20 05:04:35
Seafoamsyndrome,2018-09-20 03:23:33
GinnNJuiec,2018-05-11 07:22:13
bugnerd87,2018-01-03 03:54:53
spilling-my-guts,2018-09-20 00:40:50
muscle2muscletoe2toe,2018-09-19 06:12:28
johnsonjudith53,2018-09-19 23:07:16
redrayrach,2018-08-11 04:04:42
abcannon18,2018-09-19 16:40:08
beyondfantasyland,2018-05-22 01:09:01
salsamacha,2018-09-18 23:37:09
Klenaus,2018-09-19 04:12:31
empathalogist,2018-09-19 01:58:57
emiilykatex,2018-01-24 10:27:43
Therealyoungnurse,2018-02-04 09:08:43
Kbcurt,2018-09-17 14:37:30
nogasmm,2018-09-15 03:13:39
night-witch-butts,2018-07-11 15:29:05
Honeysickle,2018-04-06 09:05:41
mermsy12,2018-09-14 02:52:07
bns1567,2018-09-16 17:03:27
preciouspony,2018-09-16 15:18:11
lilnat2119,2018-09-15 22:38:41
HiccupInParadise,2018-09-15 14:07:54
asassylife,2018-09-14 23:12:34
lesbianaporfavor,2018-09-15 02:16:45
SoloWasPrettyGood,2018-09-15 02:02:53
majordagger,2018-09-13 19:48:59
ArblemarchFruitbat,2018-09-14 20:41:25
ButtonSnatcher,2018-09-13 18:17:54
elisaloony,2018-09-13 16:05:36
Capt_Nat,2018-03-07 00:01:16
Killicillin,2018-09-13 07:33:35
LunarKm,2018-09-12 14:34:56
dysthymic_daydream,2018-08-07 20:02:52
djmac94,2018-08-20 03:01:22
krta716,2018-07-04 21:46:04
peri_enitan,2018-09-07 11:20:53
eccoothedolphin,2018-09-10 15:08:02
fawnmm,2018-01-13 07:35:47
floofii,2018-09-10 10:25:18
TheMonkler,2018-09-12 03:32:33
tuti1029,2018-09-12 02:38:15
-catstastrophe-,2018-09-11 12:54:54
awkwardmantis,2018-03-30 19:27:56
Artsygreenfingaz,2018-02-03 08:04:55
shelfsauce,2018-09-11 18:58:16
Fyara225,2018-09-11 17:52:38
Ruderus7,2018-09-11 00:53:20
Arroscovat,2018-05-27 10:53:05
kissmemaryme,2018-09-11 11:11:31
beep_boop_sexybot,2018-09-11 05:41:30
hornpipe,2018-09-08 00:25:05
ResponsibleGoose,2018-09-11 01:03:59
Zalalenka,2018-09-08 22:03:34
arin94,2018-09-10 03:13:21
janeathagreen,2018-09-06 16:08:37
pplsuckbridal,2018-08-29 15:20:00
RevolutionaryBeeSam,2018-08-12 12:10:27
tuurtlicious,2018-09-10 11:18:14
saint_maria,2018-09-10 08:51:07
PrincessMelamii,2018-03-14 20:37:39
sigmaapplephi,2018-09-10 05:37:41
grahamsmommy,2018-08-29 15:41:00
another-sloth,2018-08-23 22:27:35
SarahMarie-T,2018-09-10 01:13:11
destineywoodall,2018-09-08 18:48:51
tottallyana,2018-09-09 13:52:21
zahrahanna,2018-09-08 21:29:39
CrumpetsElite,2018-08-14 23:57:58
bearsandstairs,2018-05-06 02:46:56
bovyptoa,2018-08-13 17:16:46
lucidasans,2018-09-08 02:23:05
AZora4,2018-09-07 23:34:26
IntensifyingLick,2018-09-07 18:24:15
frappeyourmom,2018-08-29 18:16:56
rebw13,2018-09-06 00:55:02
lotusstank,2018-06-17 14:49:56
alwaysthinkingatnite,2018-09-07 01:44:00
HeadbangingHippie,2018-07-16 22:10:42
danielacrc,2018-08-04 03:17:06
mollydea14,2018-08-17 23:54:06
grajedare,2018-09-05 22:08:08
isis1231,2018-06-26 23:36:02
Geolojazz,2018-09-05 03:55:03
vicsvaporrub,2018-09-03 21:51:21
katelynkarnavas,2018-09-05 01:35:39
suprisinglyunhappy-,2018-09-04 08:34:43
apparentlyamelia,2018-09-03 09:38:13
sahara_jayn,2018-10-02 18:49:21
bellita1,2018-10-01 00:09:54
ac0306,2018-09-29 23:22:28
isewthings,2018-09-29 02:32:37
The_lone_squirrel,2018-09-28 23:44:40
Acrophobe,2018-09-28 22:24:33
ujr001,2018-09-28 13:04:38
ginaishardy,2018-06-19 21:36:32
whoami1901,2018-08-14 02:05:13
KazooTuner,2018-09-23 08:02:35
Admiralkisses,2018-09-21 03:40:36
iamjaynedoh,2018-09-20 15:16:59
shrewdpenguin,2018-09-20 13:08:19
Arete108,2018-09-20 01:42:39
emeele2018,2018-09-19 17:48:14
Sipping_codeine,2018-09-19 05:05:00
norentalvan,2018-09-19 00:28:00
IHateInstantRamen,2018-09-18 13:00:07
Im_new_at_this614,2018-09-15 23:07:24
yourblogcoach,2018-07-29 21:14:16
soisez2theguy,2018-09-10 21:53:20
dtak222,2018-06-08 23:48:43
risingsun1999,2018-08-30 16:33:42
electronchelle,2018-09-05 18:06:21
anila91,2018-09-02 11:11:31
Madeupusername314,2018-08-02 17:13:40
Gemima1981,2018-05-22 21:49:57
blairrosee,2018-09-02 05:09:40
gem0014,2018-09-02 05:56:01
drumbeatred,2018-09-02 05:31:52
brianadayne,2018-09-02 02:10:22
emilymaryjane22,2018-02-16 02:47:46
wyldPurple,2018-09-01 19:27:25
not_ratty,2018-06-12 01:45:36
Keroaa,2018-03-05 07:09:15
beantimebeantime,2018-06-03 21:33:11
Shakhnoza33,2018-08-31 20:40:09
jbspaghetti,2018-03-07 18:50:48
-hekate-,2018-08-31 22:09:51
lostinpnw121,2018-08-31 18:25:38
VikingSith,2018-08-28 15:14:21
LimbRetrieval-Bot,2018-08-31 15:49:44
Artemisabauer89,2018-03-24 20:24:47
cricketlynn,2018-01-05 02:14:51
lyrelyrebird,2018-08-30 17:02:00
AvyMata,2018-08-30 19:37:05
simple_barista,2018-08-26 17:09:43
fluffalump83,2018-02-19 20:04:19
Immifish,2018-08-30 13:07:58
tut2468,2018-08-30 04:12:24
vespertine124,2018-01-25 03:25:29
SortaseA,2018-08-30 00:59:31
Qwertyish007,2018-08-23 20:50:08
Kromeyy,2018-02-01 22:21:12
teddyinBK,2018-01-18 05:00:37
UneasySeagull,2018-08-28 18:35:38
m0ther_0F_myriads,2018-06-26 21:51:37
DesmondTapenade,2018-01-25 22:04:39
Trimmel,2018-08-29 04:06:37
DudleyTheDino,2018-03-06 02:08:07
DonQuiQui69,2018-08-26 22:09:14
RaptorTrainer91,2018-08-27 16:16:05
chaunceythebear,2018-08-27 02:23:50
Aleeseychan28,2018-08-27 01:33:39
angelface10,2018-08-25 13:57:05
fjaril89,2018-08-26 15:20:23
Ladyofravens,2018-08-24 14:38:57
Hufflepuffsalot,2018-08-26 03:52:49
christianafinch,2018-08-26 02:52:55
Creepinitreal3,2018-08-25 17:01:42
zegora_anora,2018-08-25 06:20:01
Alexx3991,2018-08-25 07:57:36
SammySquarledurMom,2018-03-12 15:28:47
spritebright,2018-05-06 02:07:07
callmepebbles,2018-08-24 13:15:12
BeautifulDisaster22,2018-08-24 13:46:31
whosparentingwhom,2018-08-24 03:06:07
BindweedHawkmoth,2018-02-01 17:15:40
luckydawgsquirrel,2018-08-23 17:41:20
Dezzidance,2018-08-21 04:28:46
soleilpoleil,2018-07-01 21:34:51
workingwoman4,2018-08-23 17:51:41
ac0rn_,2018-08-22 22:11:52
SmurfDizzle,2018-08-18 02:05:21
sammageddon73,2018-08-14 19:41:06
DistractedAutodidact,2018-05-18 09:18:57
trex_arms26,2018-08-20 01:27:45
sideguac,2018-08-21 09:59:14
differ,2018-08-20 15:42:10
keto_fertility,2018-06-18 18:25:10
RynnLho,2018-07-15 21:52:55
Lucygirl9-17,2018-06-03 22:26:01
Dva76,2018-06-21 05:56:52
prinxesasxz,2018-08-17 06:01:52
purpleistolavendar,2018-05-01 01:05:03
dunlapmary,2018-08-07 02:44:29
that_purple_hairgirl,2018-08-18 02:43:19
sl0thmama,2018-08-17 19:21:59
idlecloud,2018-08-15 05:29:49
lindaa28,2018-08-17 02:29:54
BrilliantBanjo,2018-06-03 22:33:24
7898_,2018-08-14 17:02:17
bluefrostgirl,2018-07-08 01:20:33
slothcommunity,2018-08-14 13:24:58
sazzer82,2018-08-15 02:33:06
Nightman191,2018-08-12 07:49:26
J-M-V,2018-08-15 00:11:56
Heart1989,2018-08-14 16:17:28
infiniteambivalence,2018-08-03 02:50:27
theblitzy3,2018-08-03 23:50:33
luna_y_tierra,2018-08-14 03:32:38
sunnymornings123,2018-07-23 15:39:57
anoanonanonymity,2018-08-13 06:36:51
fitnessanddoggos,2018-07-30 20:01:52
crankyaf,2018-08-13 03:44:54
lithyl,2018-08-13 02:41:50
Al-anus,2018-06-17 14:01:04
3catmafia,2018-06-19 19:36:53
Merlemasie,2018-08-12 14:45:36
dizzy_nezzy,2018-05-07 10:01:03
taliecat,2018-08-08 21:02:00
JoannahR,2018-08-04 23:53:27
princesa-kurisu,2018-08-11 19:17:46
stonergirl__,2018-08-11 12:35:40
CommanderBunBunny,2018-08-11 04:42:01
Hmoney1491,2018-08-10 05:06:41
serenajoyful,2018-08-10 03:15:54
kDoggieDOG,2018-08-10 12:15:46
420grazeit69,2018-08-10 04:48:58
Mutapi,2018-05-19 23:23:51
snugglebutt,2018-06-25 15:48:20
atomson,2018-08-09 16:35:47
koakley,2018-08-09 01:20:48
slb1851,2018-07-12 13:24:55
Clbakm1003,2018-08-09 01:24:38
Fogsmasher,2018-08-08 20:43:14
W0lff69,2018-08-17 18:16:41
juliana_melino,2018-08-29 05:20:07
gwhisp,2018-08-28 18:16:10
kya_stormcrow,2018-08-19 18:58:24
chloecam29,2018-08-12 22:48:32
jk333jk,2018-08-09 19:10:08
Pillowscience21,2018-08-07 00:25:09
kxxtos,2018-08-06 20:03:12
GBR89,2018-08-05 14:26:41
alexmckayla26,2018-08-05 03:06:27
spacecakecat16,2018-08-04 03:13:54
Lovelyduckling,2018-08-04 02:50:58
slothmom2140,2018-03-19 20:01:54
KellyKoola,2018-08-03 16:41:57
jackster_,2018-08-01 23:50:10
pixiikittens,2018-03-29 11:12:24
iburnedmytongue,2018-08-02 01:20:09
StarGazer_Cyn,2018-07-31 23:02:02
soakthenfo,2018-07-27 05:04:51
timberunravel,2018-08-01 22:14:23
hurrdresser,2018-08-01 22:11:45
RollYourBoat,2018-02-03 08:13:00
shebangshebang229,2018-08-01 09:26:39
The_Sown_Rose,2018-08-01 18:37:16
sazzle1731,2018-08-01 11:37:46
rozanna32,2018-08-01 03:02:33
Melontoes,2018-08-01 01:30:41
Phoenix7Fawkes,2018-07-31 19:04:01
Twobobs14,2018-07-31 16:26:51
bitewingdings,2018-04-24 19:38:40
Nosidamm90,2018-06-20 09:25:32
princess-marvel,2018-07-30 22:07:20
gypseanomad,2018-06-01 09:26:08
devvilbunnie,2018-04-18 15:26:43
Muttlover127,2018-04-01 03:01:40
_thisyearsmodel,2018-06-20 21:30:51
Fluffylumps_,2018-05-11 04:42:26
lmh8800,2018-07-07 16:10:54
friendofcats129,2018-03-28 02:43:08
renren2224,2018-07-26 03:39:57
toameyer,2018-01-25 04:08:19
Gshamms,2018-07-26 13:26:59
aefaye,2018-06-09 13:08:06
Drea1683,2018-07-26 09:05:35
foollforlove,2018-07-17 03:37:11
elizabethsoath,2018-07-23 17:14:21
throwawayheyheyhey08,2018-07-13 22:52:56
MrPancakesthesixth,2018-07-21 04:48:05
fruityxl00pz,2018-01-06 15:23:19
LawrenceMargaret,2018-07-25 04:51:29
gfahey23,2018-07-25 03:06:34
wildfire98,2018-07-24 12:18:54
justlike_dat,2018-07-24 05:03:34
u24ac12,2018-05-10 10:53:08
curiousb29,2018-07-23 19:10:27
MeaCulpa3,2018-07-12 20:53:07
purple_noodles,2018-07-23 18:33:35
gyners,2018-07-07 04:10:58
heistsaredumb99,2018-06-08 20:32:05
stephpuds,2018-07-22 14:45:50
aimbro13,2018-07-22 03:56:29
BigTexanKP,2018-07-21 10:52:09
Kitten4life,2018-07-12 15:40:52
oxsi,2018-07-21 00:18:30
aballofsunshine,2018-07-20 20:01:21
Khalafpav,2018-07-20 12:25:05
squidkidqueer,2018-06-07 07:34:51
misspennylemon,2018-07-20 05:06:48
KrisJade,2018-07-19 05:03:37
MadDog4life98,2018-07-18 22:12:43
shamirnoff_ice,2018-07-17 14:13:03
myrrh10,2018-07-18 09:21:27
roziebunnz,2018-07-18 03:35:44
craigslisthottub,2018-07-04 15:47:14
xialed,2018-07-17 19:42:22
Kchuluu,2018-07-13 21:26:37
ripponlea,2018-07-17 08:27:22
Lunasmaria,2018-06-20 05:34:34
sfislander,2018-07-15 23:55:26
sirenskill68,2018-06-21 18:36:45
xx666x,2018-07-15 17:37:43
trynot2screwitup,2018-07-14 21:52:16
freebie31,2018-07-14 03:38:57
PhoenixEle,2018-07-06 08:27:53
cannibalcheese,2018-07-13 22:43:11
Vesperiall,2018-07-13 20:58:35
Desilynne,2018-07-13 20:35:55
donakor,2018-07-13 03:20:20
Mrs8123,2018-07-12 22:32:58
japonyo,2018-07-12 23:20:41
VictorHugosBitch,2018-07-12 21:57:10
BreakinAHabit,2018-07-12 19:52:28
Lshizzie,2018-03-16 19:01:16
Zanzibara,2018-07-10 12:43:59
MonsieurMacAndCheese,2018-06-27 15:41:56
kaylajeancoop,2018-07-07 20:49:26
dandimae,2018-04-02 05:51:06
goldenhorizon86,2018-07-06 02:05:32
HylianYami,2018-05-18 04:20:04
tim_the_enchanter534,2018-07-05 16:00:03
lconner24,2018-07-04 22:56:00
govawls98,2018-07-28 14:09:17
levi_o_sa,2018-07-25 19:17:43
lawofficeofbobloblaw,2018-07-25 02:58:52
whoopdawhoop12345,2018-07-20 23:10:48
AnonFun15,2018-07-17 13:16:26
HealthCareSelfCare,2018-07-17 01:04:20
Fire_Starter22,2018-03-18 05:27:10
WallflowerCat,2018-05-09 00:32:08
pancakeblvd,2018-07-14 03:12:44
PornShopGirl,2018-07-12 20:03:37
misskatielou0202,2018-07-12 17:06:46
fugayku,2018-07-12 00:53:49
lytha22,2018-07-11 15:12:14
hulidoshi,2018-07-10 17:29:33
troseo,2018-07-04 13:37:34
localdisapp0intment,2018-04-20 23:56:43
unmistakableme,2018-06-29 06:15:22
HLouise97,2018-06-26 14:14:07
princessmargaret,2018-05-29 09:52:32
andbobsyouruncle11,2018-03-06 03:20:34
marjmall0w,2018-06-28 03:34:16
pallysteve,2018-06-28 00:20:45
snicole1173,2018-06-27 17:25:48
Aunt_Grandma,2018-06-19 13:25:01
usedtobeatreehugger,2018-06-26 15:41:52
NotYourNoodles,2018-05-17 22:06:07
clario6372,2018-06-26 06:48:52
hhhnnnnnggggggg,2018-06-26 04:22:07
frozenwintour,2018-06-25 20:07:35
sulaasg,2018-06-25 10:26:01
Momof5WifeTo1,2018-06-24 11:17:42
ahtomix,2018-02-07 01:10:21
LavaScotchGlass,2018-06-23 17:16:24
Zerodayssober,2018-06-23 16:29:10
MuffinShark15,2018-06-12 05:23:17
windigo,2018-06-20 22:04:03
hbunny0,2018-01-22 07:24:44
thevandie,2018-06-21 21:12:19
blck_cat99,2018-06-20 18:56:52
Cpt_Clam,2018-06-12 14:08:32
EponaMom,2018-06-20 20:37:43
example042069,2018-06-20 19:39:11
cns_95,2018-06-06 04:31:10
charl7812,2018-06-20 19:07:27
megmermcc,2018-04-23 01:15:25
RayAudrey,2018-06-09 05:37:31
iluvmykats,2018-06-13 08:37:18
casaundrap,2018-06-18 23:23:42
sijyboo,2018-06-18 20:50:28
hanswo,2018-06-12 10:51:21
Comishia,2018-06-18 00:26:18
knockoffpainting,2018-04-13 01:17:19
FACS_O_Life,2018-01-08 12:05:31
hammysan321,2018-06-16 06:08:36
D_Jonesss,2018-03-02 09:04:05
Randileighdecker,2018-06-14 04:08:15
AdventSteel,2018-06-13 20:46:34
swhituhcurr,2018-06-13 16:10:11
skeltalkween,2018-03-17 01:08:26
Missjaes,2018-06-10 08:10:22
Privprintcess,2018-06-05 20:16:15
dmj9891,2018-03-18 00:14:59
tuesdaysaretits,2018-06-11 17:45:50
Snaztastical_,2018-06-07 20:25:05
allykatt22,2018-06-10 01:25:48
grahamtronc,2018-06-04 10:40:22
asdidshe,2018-02-08 17:43:54
ahighriver,2018-05-23 18:03:21
hanners90,2018-06-07 23:55:16
caarbonn,2018-06-07 22:57:48
Stinkeye63,2018-06-07 14:25:18
hustla-the-rabbit,2018-06-06 09:11:31
SkaaaankHunt69,2018-06-06 02:00:41
atlprgal,2018-06-04 23:22:14
Thornydame,2018-04-30 02:21:23
rafito_rogelio,2018-06-04 08:21:34
pbrandpearls,2018-06-04 02:27:57
OracleOfUselessInfo,2018-06-04 02:03:36
batignolles,2018-06-04 00:03:36
songofmelancholy,2018-06-03 03:22:33
Jfersisthecatsmeow,2018-07-02 19:47:41
pinkproverb,2018-03-01 22:35:05
momentaryphase,2018-07-01 21:54:10
clive646,2018-05-14 07:25:03
Valuablemegirl,2018-06-30 06:52:03
brittinhouston,2018-06-29 00:17:07
LilaMFFowler,2018-06-28 23:19:54
llamacolypse,2018-06-28 18:21:09
jollycrane,2018-06-26 01:08:59
wheeterbug,2018-06-23 16:05:51
xleximarie,2018-06-19 08:01:36
twirlywurlyburly,2018-06-16 13:47:06
annaslullaby,2018-06-14 10:21:56
EndoWarriorQueens,2018-04-27 15:10:48
vinigrette,2018-03-06 07:35:08
CurtD34,2018-06-04 15:07:25
kenzzzii,2018-06-04 04:49:43
piscespines,2018-06-03 23:38:58
jaxsonnn,2018-03-28 02:52:49
Queen_G,2018-02-20 03:06:44
4sdtocomply,2018-06-02 14:40:52
newbadsmell,2018-06-01 10:09:39
LeeLeeBoots,2018-06-01 05:55:24
ProgrAmticallySir7,2018-05-18 08:02:00
Peacefulpear,2018-05-31 16:00:36
tizzygotcurls,2018-05-31 19:28:30
HayleHalo,2018-05-31 14:11:27
ladyofwinterfell13,2018-03-18 02:25:11
olemiss_Yokai_wizard,2018-05-29 11:07:27
soggycocopops,2018-04-10 08:39:25
Loupmoon,2018-05-27 21:33:30
Sarahlou3,2018-05-27 14:59:52
megmegshell,2018-05-26 21:38:40
OriginalWatch,2018-05-01 15:58:16
mariaantoinetta,2018-01-31 05:57:15
CheapLayer,2018-05-26 05:58:07
dammitdannyl,2018-05-25 19:31:04
Tingshanlus,2018-05-25 09:34:42
sctigergirl81,2018-05-25 00:59:49
emilywoodford,2018-05-25 01:12:11
rasputin22,2018-05-24 22:25:56
AngelaJWood,2018-03-26 08:02:54
vanmari_,2018-05-24 11:18:03
Sweaty_Liyifeng,2018-05-24 09:37:29
sarae4,2018-05-24 05:04:59
Dzov,2018-05-24 04:20:47
pantsandashirt,2018-05-08 15:11:18
AltruisticCharge,2018-05-24 01:25:15
kkwiek,2018-05-22 21:08:22
Anonman1190,2018-05-22 18:30:16
nalinger,2018-05-23 03:52:45
ih8uandu,2018-05-22 03:41:21
danistrans,2018-05-23 01:27:38
daetara,2018-05-23 00:25:12
LostWarrior24,2018-05-22 20:33:47
kittenmermaid,2018-05-22 21:27:59
01Ade,2018-05-22 20:52:21
agree-with-you,2018-05-22 19:09:20
alt9alt92,2018-05-16 23:22:14
mrsgoode,2018-05-22 11:21:03
blueskyhaha,2018-05-22 10:14:28
islinda,2018-05-21 03:04:58
ovielr,2018-05-14 10:20:22
tneptnep,2018-05-22 04:39:14
ktgirl40,2018-04-04 03:40:45
whoscompanion,2018-05-21 15:46:13
desireestem,2018-05-21 04:47:36
HAHSDKKDJD,2018-05-21 01:31:25
Liviani,2018-05-20 18:27:30
MalfunctioningPeg,2018-05-20 10:04:59
LucillePolkaDot,2018-05-20 07:37:40
cciot,2018-05-20 00:15:56
DizzieD,2018-05-19 18:13:01
twstorey,2018-05-19 10:04:11
timezone_bot,2018-05-18 20:05:19
BeamMeUpBob,2018-05-18 14:12:31
rovingduck,2018-03-31 15:34:36
jeezy-chreezy,2018-02-07 02:54:46
Bwcauseofaition,2018-05-17 09:36:22
mailmanmom,2018-03-21 02:25:33
pintobeanqueen,2018-05-03 21:32:34
sageandcitrus,2018-05-16 00:37:05
hihoyomama,2018-05-15 15:43:26
xcherrix,2018-05-14 17:29:01
wadagmar,2018-05-14 10:05:59
stowesa,2018-05-14 07:40:15
aneuploidi,2018-05-12 13:07:54
JDark314,2018-05-12 09:32:55
ididntmeanto_,2018-05-11 14:00:46
nvp7,2018-05-11 08:26:46
itsallgoodhey,2018-05-08 19:13:02
iloveslothsalot,2018-05-10 14:10:17
throwaway789663,2018-05-09 02:45:49
Tchoupie42,2018-05-02 11:06:51
katerinarose17,2018-05-10 00:10:39
sawdust9595,2018-05-09 07:12:46
epoillem,2018-03-26 07:41:18
WhoaItsAFactorial,2018-03-30 12:08:06
katebucci,2018-05-03 21:40:55
m4y0naise_,2018-05-06 11:07:02
rebeccaademarest,2018-05-05 14:29:18
Catappropriate,2018-05-06 01:27:10
TJ_47,2018-03-14 14:30:19
Isolated_Aura,2018-04-12 17:35:28
johnS_bot,2018-05-04 22:45:02
Flyingkight,2018-05-02 04:19:15
iheartdogs44,2018-05-03 07:00:51
cierra_marie93,2018-05-03 06:04:25
tardisbakerlady42,2018-03-01 16:46:55
smittenkitten503,2018-02-12 20:50:00
sassybri,2018-05-02 21:56:03
irefusetofloat,2018-05-31 22:20:35
ZippyZipporah,2018-05-26 17:29:13
meimeitayer,2018-05-26 10:34:24
quinkygirl,2018-05-25 23:41:43
epereerr,2018-05-24 03:52:16
blackychan22,2018-05-19 10:23:28
MainIllustrator5,2018-05-19 03:16:04
Chtissu,2018-01-27 14:01:20
Aberdeenew,2018-05-17 05:15:34
RevolutionaryTell,2018-05-17 02:20:44
Mysterious_Raise,2018-05-17 01:02:02
Eustyu,2018-05-16 00:09:02
babygengar99,2018-04-11 17:41:47
ThatOneGirl5689,2018-05-14 12:46:49
SpookyFae,2018-05-13 04:08:51
tacocatradar,2018-01-08 04:42:00
fuyanpill,2018-05-07 09:44:36
WildConversation,2018-05-05 20:21:50
justdontknow888,2018-05-05 20:07:37
wadelaide,2018-05-03 02:26:41
FreeThinker76,2018-04-29 16:57:27
homeskillet7,2018-01-29 13:31:24
cruelladkill,2018-03-13 18:02:54
Illusory_Goddess,2018-05-01 12:17:37
kappakaspara,2018-04-06 00:55:31
ashleycook081991,2018-04-29 16:35:26
mrslesleysheppard,2018-04-30 13:21:02
rosehufnal,2018-04-29 17:57:12
desrosid,2018-04-26 17:39:57
rainbowfish509,2018-04-26 22:46:09
SunShowers333,2018-04-19 22:23:15
good-girl-guide,2018-04-26 01:45:42
Kayleew21,2018-04-25 17:50:53
wontyoujointhedance,2018-04-25 15:14:30
mishale80,2018-04-03 18:27:35
kotocandy,2018-04-24 16:33:52
plumerias125,2018-04-24 04:14:36
bumsonmainstreet,2018-04-23 15:53:03
12abirato,2018-04-15 09:26:59
Jakamac,2018-04-22 22:48:39
misa_lanious,2018-04-22 05:09:48
Freaker4000,2018-04-21 19:45:30
ermworm25,2018-04-09 01:39:35
buckleupbuckaroo_,2018-04-19 02:54:56
EatMyBean,2018-04-17 05:12:44
Cheyenne_010,2018-01-07 22:04:51
HotaruChiba,2018-04-14 21:11:49
Slinky384,2018-04-16 09:50:30
Faalllccccooooorrrrr,2018-04-10 16:44:15
aardBot,2018-04-17 13:00:16
tracy666,2018-04-17 06:35:06
stickney27,2018-01-20 22:38:09
GigiStark,2018-04-16 18:59:57
smbianchini-,2018-04-16 01:48:51
BustyAIexa,2018-04-13 13:16:24
hawkeygal,2018-04-12 16:48:59
Callbee1111,2018-04-12 22:58:25
pigsfly34,2018-04-13 12:19:52
wohnsto,2018-04-12 02:42:26
Pnklas,2018-04-12 03:11:03
Johannarr,2018-04-12 01:42:23
wheresthegoat---,2018-03-21 18:15:36
SkyeBot,2018-04-11 02:00:04
Urnum1friend,2018-04-11 00:22:55
walkinggarbagecan,2018-04-10 23:31:33
delightmordem,2018-04-09 07:46:05
yingleton,2018-04-10 03:37:51
endometriosiscure,2018-04-10 02:19:12
autoradio,2018-04-09 05:36:19
AryaStark20,2018-04-07 19:19:20
KayJay8991,2018-04-04 17:23:58
jasper124,2018-04-09 10:13:53
unharm61,2018-04-08 22:46:31
Kiraffe11,2018-04-08 22:18:09
woupinel,2018-04-08 03:16:08
epicimagebot,2018-04-08 22:27:49
batmansleftnipple,2018-03-21 20:16:30
susurusshivers,2018-04-06 22:56:13
eb0shka,2018-04-08 04:11:36
StabilizedDarkkyo,2018-02-12 06:06:31
Extra_Firm_Tofu,2018-04-08 04:31:36
anaaki,2018-04-08 03:59:11
CatsAreDivine,2018-03-29 14:44:25
_BLOODandHONOUR_,2018-04-04 01:25:29
TheGreatBethsby,2018-04-07 12:41:44
ohkayythen,2018-04-07 01:38:05
superoboe87,2018-03-06 11:34:58
treatsandsnoozinn,2018-04-05 21:53:02
nancynursez637,2018-04-05 15:48:46
atheistium,2018-04-05 08:03:02
poppycaulk,2018-04-05 08:15:35
jax_meow,2018-02-07 05:23:24
YoureNotAGenius,2018-04-04 07:34:10
arachnedefiant,2018-03-26 20:54:59
dentaltitan,2018-04-04 16:11:29
saoirsethewoodelf,2018-04-04 16:15:18
-Daisies-,2018-01-31 15:56:17
MrsObiRed,2018-03-12 13:13:26
Armadilloshark,2018-03-31 17:42:28
Mermany,2018-05-02 03:25:04
dialupsituation,2018-05-01 15:25:05
amaliare,2018-04-28 11:09:30
tromboneface718,2018-04-27 16:14:19
tomas-edison,2018-04-26 07:21:32
kaiteni,2018-04-24 01:14:20
startbystarting,2018-04-23 15:32:43
Kinglens311,2018-04-21 17:14:05
emmayong,2018-04-21 09:06:55
illdoyourhair,2018-04-20 15:49:26
leryerr,2018-04-20 08:33:20
kikiusername,2018-04-16 19:32:50
wnowles,2018-04-16 01:45:22
stemgenntherapeutics,2018-04-12 10:19:25
Adriennerr,2018-04-12 02:30:26
silentalgebra,2018-04-08 17:32:47
yoyicew,2018-04-04 07:11:56
tinayong,2018-04-03 07:20:21
seriouslyswollen,2018-04-02 20:55:38
MaskedKitteh,2018-04-01 22:18:37
Chronic_Gurl,2018-03-31 02:20:45
taaaati,2018-03-24 23:24:50
nisokuhokou,2018-03-31 07:23:29
_makado,2018-02-26 01:33:34
ehomeopath,2018-03-30 07:44:46
l1316,2018-03-29 15:30:53
DavidCaruso4Life,2018-03-29 04:56:23
rahl_confessor,2018-03-29 03:54:10
strawberriescreme,2018-03-28 14:08:32
livelypugs,2018-03-28 06:27:42
ClickableLinkBot,2018-03-28 05:10:15
Mon21_10,2018-03-26 19:32:19
AngstyMcJoe,2018-03-27 20:14:39
mid_century_cola,2018-03-27 03:04:34
shitememooth,2018-03-26 19:40:26
Rayray789,2018-03-26 10:37:12
shaldaya,2018-03-26 03:50:51
pennymaine,2018-03-13 01:29:51
CosmicOwl7,2018-03-24 06:41:03
wittywordarrangement,2018-02-01 22:34:56
appleofmyuterus,2018-03-24 21:44:09
kat-joyce,2018-01-31 05:26:12
Dammitbobbay,2018-03-24 16:44:13
pupleistolavendar,2018-03-23 23:50:19
mgbPaintings,2018-03-23 08:40:54
BloodDropDreamLand,2018-01-29 18:45:11
sunsetpink513,2018-03-22 01:12:06
snipsnapzap,2018-03-22 08:53:05
vazeil,2018-03-22 01:50:43
Musivan,2018-03-22 05:38:28
linxsuslexus4315,2018-03-19 13:39:59
salazaraslytherin,2018-02-22 08:13:53
Ilovedadie16,2018-03-14 19:56:04
Owllette,2018-03-19 21:25:53
hickorydock,2018-02-19 20:29:57
cherries_and_wine,2018-03-18 21:28:58
the-morrigan,2018-03-18 20:48:35
kavkazskayakoshka,2018-03-15 21:13:29
kitsunecoon,2018-01-25 23:13:30
acopperyonyx,2018-03-18 06:53:35
jthebluejay5,2018-03-17 23:32:03
throoowah,2018-03-17 21:57:06
keepfrozenthissideup,2018-03-17 04:38:31
SnugglersMom,2018-03-17 03:14:46
thaliagrace92,2018-03-14 22:28:31
LunaShells,2018-03-13 13:35:14
thatineweirdlonghair,2018-03-15 23:42:50
Florpydorp,2018-03-12 11:06:23
Ayejayelle,2018-03-15 06:12:19
treesofgr33n,2018-03-14 02:27:20
ronahc,2018-03-13 21:17:47
elfinshell,2018-03-05 08:33:09
wideeyedwizard,2018-01-11 20:31:00
sophia_milagros,2018-03-04 03:43:54
katie_bee_,2018-03-05 22:34:29
imaginaryariel,2018-03-10 01:00:39
Oreo_Sundaes,2018-03-08 07:30:02
hotel_romeo,2018-03-08 03:53:04
McNewts,2018-03-08 06:37:46
oceanicallyunbounded,2018-03-07 06:20:24
lars2458,2018-01-13 07:37:39
k1sssc,2018-03-07 00:36:08
Prupperdoggo,2018-03-05 20:24:34
lehberger,2018-03-06 22:06:33
Dewfunke,2018-03-06 00:20:22
VintageCorsets,2018-01-23 19:01:32
geekyncrafty,2018-01-05 18:36:23
Foliageisoursafeword,2018-03-03 22:04:42
paulswife2009,2018-01-12 00:59:06
ladygabeuk,2018-04-01 09:31:22
CaramelSunshinexoxo,2018-04-01 06:58:47
miliememonde,2018-03-28 12:09:58
LucyPoupinel,2018-03-26 06:32:35
bakuraryo,2018-03-24 06:50:27
pennybeagle,2018-03-22 11:03:38
psychedelic_rae1,2018-03-22 09:44:20
brakata,2018-03-21 15:42:03
fuzzybunny321,2018-03-17 10:20:45
silverandgoalsblog,2018-03-11 21:39:20
loveandabeagle,2018-03-11 20:14:41
Kisms,2018-03-05 22:24:27
70sscenerio,2018-03-05 15:41:03
endtoendo12,2018-03-03 05:16:26
dwight_dude,2018-03-02 19:55:02
Eruannwen,2018-02-01 06:30:37
Yemayaocean,2018-03-01 17:19:02
Nela_7,2018-03-01 15:06:28
HotDogGrass,2018-02-28 18:40:53
quarterlifecrisisgir,2018-02-27 07:45:57
lensesandlipstick,2018-02-25 22:20:31
curiouscat219,2018-02-26 07:25:18
nearxe,2018-02-25 19:20:42
Mamma_Crocogator,2018-02-09 02:02:12
jessk013,2018-02-23 17:57:20
meggieggie,2018-02-24 19:39:31
marielove91,2018-01-11 21:22:28
NyteFury,2018-02-23 06:59:12
hanner__,2018-02-10 20:15:18
zigzagtailwag,2018-02-20 05:24:27
dogknows,2018-01-18 04:06:05
Lets_Just_J,2018-02-19 20:19:47
broadwayrocks,2018-02-18 05:02:30
PollyObscurum,2018-02-19 00:00:56
Maryme244,2018-02-19 01:16:05
kittykate1990,2018-02-18 19:31:03
helsin_,2018-02-18 16:30:12
fluff472,2018-02-16 13:11:41
ima23star,2018-01-30 06:14:00
amber31085,2018-02-16 12:36:46
harleenquinzel99,2018-02-15 10:21:02
clairewini,2018-02-13 21:39:26
alsmacki,2018-02-13 19:32:42
Hannibal5545,2018-02-12 21:48:03
peaches_62,2018-02-13 10:41:34
therealbythnia,2018-01-30 15:48:48
stephtope,2018-02-12 15:10:16
abbazabba421,2018-02-11 21:44:54
mossfluff,2018-02-12 02:48:16
nsands89,2018-02-11 19:26:00
kellyzollo,2018-01-31 18:33:00
TheHobbitWhore,2018-02-10 14:32:36
whosaidthatidontknow,2018-02-10 07:52:12
littlelo_throwaway,2018-02-10 06:30:55
lstron89,2018-02-10 05:45:47
funkypug,2018-02-06 23:20:06
RedLovesPeaches,2018-02-10 03:03:14
Scheiterlein64,2018-02-10 02:02:08
ChunShu,2018-02-08 21:16:49
TheDreadedLorax,2018-02-07 23:08:32
HighTimesOfficial,2018-02-08 16:38:58
thatcrazyrecycler,2018-02-07 14:19:19
SheBrokeHerCoccyx,2018-02-08 16:38:24
heidifasting,2018-01-26 00:44:11
deketrick,2018-02-04 14:32:04
crystalcasstles,2018-02-02 12:30:43
Serenityz93,2018-02-03 23:07:11
apolliana,2018-02-03 19:24:10
Clobberellachloe,2018-02-28 09:34:00
ismaeliscool,2018-02-27 20:47:55
Musicfanatic75,2018-01-07 21:47:06
peachmoonwolf,2018-02-12 03:31:17
cangarw,2018-02-11 11:51:17
im_a_cat__,2018-01-08 05:39:13
papabear0526,2018-02-02 23:09:43
skyesthelimit019,2018-01-02 23:23:26
omegasentinel07,2018-01-03 11:43:11
prettymuchfedup,2018-01-03 08:28:44
littlestarling,2018-01-04 01:13:14
OMG-pudding,2018-01-04 03:28:48
barcarollexjune,2018-01-04 04:26:01
CaptMorgan74,2018-01-04 05:00:26
NineDurer,2018-01-04 07:25:30
mnh5,2018-01-04 21:33:31
suzyhomefucker,2018-01-05 05:53:40
rinakappor,2018-01-04 08:31:09
gingertexan317,2018-01-05 21:03:19
triplereversechicken,2018-01-08 16:38:07
Loquaciouslow,2018-01-08 21:31:41
showinuplate,2018-01-09 00:49:53
schmorla,2018-01-10 09:45:17
timefortea615,2018-01-10 21:46:28
CsoulC,2018-01-11 00:46:00
YouBoxEmYouShipEm,2018-01-11 17:29:38
Zhomper,2018-01-11 22:35:11
K80KABOOM,2018-01-15 13:59:31
allym91,2018-01-16 19:30:27
Imstillbigred,2018-01-12 23:03:19
Sarenab1995,2018-01-18 02:49:45
LoudAssistance,2018-01-19 23:49:20
lraekrkr,2018-01-20 20:50:54
dwellondream,2018-01-21 15:01:51
faithp1284,2018-01-22 03:04:07
Doddenator,2018-01-22 06:02:21
Rozez_Kill,2018-01-22 00:35:52
thatonecouch,2018-01-23 02:30:27
ShooWopShooBop,2018-01-22 09:29:16
anleiha,2018-01-23 22:25:29
lilartgirl,2018-01-22 20:22:22
5Gs-Plz,2018-01-25 02:36:34
reddkatt,2018-01-25 13:47:53
nerveuse,2018-01-25 16:15:54
rebeccasophie,2018-01-29 16:03:57
t_hizzle427,2018-01-29 04:43:27
RedTrailWildcat,2018-01-30 02:37:58
Hamburgerglittertree,2018-01-30 00:32:57
missjo_gracey,2018-01-30 13:52:01
primerib13,2018-01-31 19:09:30
Candid_Apples,2018-01-31 19:33:46
justcole,2018-01-31 21:41:31
Throwawayendogeaux,2018-01-31 20:06:52
RAMEYER,2018-02-01 03:01:11
ashleyguinness,2018-01-25 20:03:24
gjsc25,2018-01-23 17:59:30
LadyIncognito,2018-01-23 06:07:23
erm1992,2018-01-17 01:36:29
bee--dance,2018-01-11 20:41:44
MaKay95,2018-01-06 14:32:36
Lilly586,2018-01-03 03:38:44
